"country","Region","X2016.Score","Property.Rights","Freedom.from.Corruption","Fiscal.Freedom","Gov.t.Spending","Business.Freedom","Labor.Freedom","Monetary.Freedom","Trade.Freedom","Investment.Freedom","Financial.Freedom","Tariff.Rate....","Income.Tax.Rate....","Corporate.Tax.Rate....","Tax.Burden...of.GDP","Gov.t.Expenditure...of.GDP","Population..Millions.","GDP..Billions..PPP.","GDP.Growth.Rate....","X5.Year.GDP.Growth.Rate....","GDP.per.Capita..PPP.","Unemployment....","Inflation....","FDI.Inflow..Millions.","Public.Debt....of.GDP.","minYear.x","maxYear.x","sharePresident","shareAssemblyPresident","shareParliament","system","minYear.y","maxYear.y","meanPolity","Freq","polity2","meanInd","meanInt","meanCiv","meanTOT","shareInt","shareCiv","bombings","legor_uk","legor_fr","legor_so","legor_ge","legor_sc","Int_","Civ_","Tot_","country2","polity2_","legal"
"Afghanistan","Asia-Pacific",NA,NA,"12","91.6","81.2","56.6","63.2",NA,NA,"55",NA,NA,"20","20","6.6","25","31.3","60.6","1.5","6.8","1937","9.1","4.6","53.6","6.7",1994,2014,NA,NA,NA,0,1994,2014,-4.5,8,-1,1,0,4.52380952380952,4.52380952380952,0,1,83,0,1,0,0,0,0,1,1,"Afghanistan",2,2
"Albania","Europe","65.9","35","33","87.8","75","67.6","51.5","81.7","87.6","70","70","1.2","23","15","21.7","28.9","2.8","31.6","2.1","2.3","11377","16.1","1.6","1093.5","72.6",1994,2014,0,0,1,2,1994,2014,6.95238095238095,21,9,1,0,0.0952380952380952,0.0952380952380952,0,0.0476190476190476,0,0,0,1,0,0,0,1,1,"Albania",3,3
"Algeria","Middle East / North Africa","50.1","25","36","81","59.4","62.1","48.2","68.1","60.8","30","30","12.1","35","23","12.2","38","38.7","551.8","4.1","3.3","14259","9.5","2.9","1488","8.8",1994,2014,1,0,0,0,1994,2014,-0.571428571428571,21,2,1,0,2.0952380952381,2.0952380952381,0,0.523809523809524,15,0,1,0,0,0,0,1,1,"Algeria",2,2
"Angola","Sub-Saharan Africa","48.9","15","19","87.8","50.1","50.3","44.8","72.2","70.2","40","40","4.9","17","30","6","40.8","24.4","175.6","4.2","4.7","7203","6.8","7.3","-3881","38",1994,2014,1,0,0,0,1994,2014,-2.19047619047619,21,-2,1,0,3.14285714285714,3.14285714285714,0,0.571428571428571,1,0,1,0,0,0,0,1,1,"Angola",2,2
"Argentina","South and Central America / Caribbean","43.8","15","34","66.1","51.3","56","43.9","44","67.4","30","30","6.3","35","35","30.6","40.3","42","947.6","0.5","4.4","22582","8.2","37.6","6612","48.6",1994,2014,1,0,0,0,1994,2014,7.76190476190476,21,8,1,0,0,0,0,0,1,0,1,0,0,0,0,0,0,"Argentina",3,2
"Armenia","Europe","67","20","37","83.8","80.7","77.5","62.2","72.8","85.6","80","70","2.2","26","20","23.4","25.4","3.3","24.3","3.4","4.2","7374","17.1","3.1","382.8","44.2",1994,2014,1,0,0,0,1994,2014,3.95238095238095,21,5,1,0.142857142857143,0,0.142857142857143,0.0476190476190476,0,0,0,0,1,0,0,1,0,1,"Armenia",2,3
"Australia","Asia-Pacific","80.3","90","80","63.2","62","89.4","77.2","85.2","86.4","80","90","1.8","45","30","27.5","35.6","23.6","1095.4","2.7","2.7","46433","6","2.5","51854.2","34.3",1994,2014,0,0,1,2,1994,2014,10,21,10,1,0,0,0,0,0,0,1,0,0,0,0,0,0,0,"Australia",3,1
"Austria","Europe","71.7","90","72","50.7","22.4","79.4","72.5","81.7","88","90","70","1","50","25","42.5","50.9","8.5","395.5","0.3","1.3","46420","5","1.5","4674.9","86.8",1994,2014,0,0,1,2,1994,2014,10,21,10,1,0,0,0,0,0,0,0,0,0,1,0,0,0,0,"Austria",3,4
"Azerbaijan","Asia-Pacific","60.2","20","29","88","56.7","70.3","75.2","77","75.8","60","50","4.6","25","20","13.3","38","9.4","165.3","2.8","3.2","17618","5.2","1.4","4430.4","16.4",1994,2014,1,0,0,0,1994,2014,-6.66666666666667,21,-7,1,0.142857142857143,0.571428571428571,0.714285714285714,0.0476190476190476,0.19047619047619,0,0,0,1,0,0,1,1,1,"Azerbaijan",1,3
"Bahamas","South and Central America / Caribbean","70.9","70","71","97.9","84.3","70.7","72.8","78.5","64","40","60","13","0","0","14.4","22.8","0.4","9.0","1.3","1.1","25049","15.4","1.2","1595.9","60.4",1994,2014,0,0,1,2,NA,NA,NA,NA,NA,NA,NA,NA,NA,NA,NA,0,1,0,0,0,0,NA,NA,NA,"Bahamas",NA,1
"Bahrain","Middle East / North Africa","74.3","60","49","99.9","75.4","71.9","79.1","74.6","82.6","70","80","3.7","0","0","3.1","28.6","1.2","61.9","4.7","4","51714","4.1","2.5","957.4","43.8",1994,2014,1,0,0,0,1994,2014,-8.09523809523809,21,-10,1,0,0,0,0,0,0,1,0,0,0,0,0,0,0,"Bahrain",1,1
"Bangladesh","Asia-Pacific","53.3","20","25","72.7","93.6","52.6","62.5","68.2","63.6","45","30","10.7","25","45","9","14.6","158.2","533.7","6.1","6.2","3373","4.3","7","1526.7","33.9",1994,2014,NA,NA,NA,2,1994,2014,4.33333333333333,21,1,1,0,0,0,0,0,3,1,0,0,0,0,0,0,0,"Bangladesh",2,1
"Barbados","South and Central America / Caribbean","68.3","80","74","75.8","37.6","70.2","67.3","80.8","62.2","75","60","13.9","35","25","23.9","45.6","0.3","4.5","-0.3","0.1","16183","12","1.9","275.1","100.4",1994,2014,0,0,1,2,NA,NA,NA,NA,NA,NA,NA,NA,NA,NA,NA,0,1,0,0,0,0,NA,NA,NA,"Barbados",NA,1
"Belarus","Europe","48.8","20","31","88.6","44.8","69","74.9","50.4","79","20","10","3","13","18","25.4","42.9","9.5","172.0","1.6","3.5","18161","5.9","18.1","1798.2","37.9",1994,2014,1,0,0,0,1994,2014,-6,21,-7,1,0,0,0,0,0,0,0,0,1,0,0,0,0,0,"Belarus",1,3
"Belgium","Europe","68.4","80","76","44.2","11","85.4","60.5","84","88","85","70","1","50","33","44.6","54.5","11.2","481.5","1","1.1","42973","8.5","0.5","-4956.7","105.6",1994,2014,0,0,1,2,1994,2014,9.23809523809524,21,8,1,0,0,0,0,0,0,0,1,0,0,0,0,0,0,"Belgium",3,2
"Belize","South and Central America / Caribbean","57.4","35","6.7","82.1","71.9","63.3","60.3","79.2","70","55","50","10","25","25","23.2","30.6","0.4","2.9","3.4","2.7","8248","11.5","0.9","141.1","76.3",1994,2014,0,0,1,2,NA,NA,NA,NA,NA,NA,NA,NA,NA,NA,NA,0,1,0,0,0,0,NA,NA,NA,"Belize",NA,1
"Benin","Sub-Saharan Africa","59.3","30","39","68.1","84.9","51.3","53.8","82.2","58.8","75","50","15.6","45","30","16.3","22.4","10.6","19.8","5.5","4.5","1870","1","-1","377.4","30.9",1994,2014,1,0,0,0,1994,2014,6.42857142857143,21,7,1,0,0,0,0,0,0,0,1,0,0,0,0,0,0,"Benin",3,2
"Bhutan","Asia-Pacific","59.5","60","65","83.1","67.5","65.2","77.6","66.9","60","20","30","10","25","30","13","32.9","0.8","5.9","6.4","7.4","7641","2.8","7.7","5.8","107.5",1994,2014,1,0,0,0,1994,2014,-4.76190476190476,21,5,1,0,0,0,0,0,0,1,0,0,0,0,0,0,0,"Bhutan",2,1
"Bolivia","South and Central America / Caribbean","47.4","10","35","86.4","55.5","58.8","31.7","65","76.6","15","40","4.2","13","25","23.8","38.5","11.2","70.0","5.4","5.3","6221","2.7","5.8","647.8","32.4",1994,2014,1,0,0,0,1994,2014,8.14285714285714,21,7,1,0,0,0,0,0,0,0,1,0,0,0,0,0,0,"Bolivia",3,2
"Bosnia","Europe","58.6","20","39","83.9","33.1","54.6","59.4","84.3","87","65","60","1.5","10","10","37.6","47.2","3.9","38.1","0.8","0.8","9833","27.9","-0.9","564","44.9",1994,2014,NA,NA,NA,2,1994,1994,0,1,NA,1,0,0.571428571428571,0.571428571428571,0,0.0952380952380952,0,0,0,1,0,0,0,1,1,"Bosnia and Herzegovina",NA,3
"Botswana","Sub-Saharan Africa","71.1","70","63","79.1","68.4","66.4","68.5","76.3","84","65","70","0.5","25","22","31.3","32.4","2.1","33.7","4.9","6","16036","18.2","3.9","393.2","14.5",1994,2014,0,0,1,2,1994,2014,7.85714285714286,21,8,1,0,0,0,0,0,0,1,0,0,0,0,0,0,0,"Botswana",3,1
"Brazil","South and Central America / Caribbean","56.5","45","43","69.7","55.2","61.4","52.5","64.2","69.4","55","50","7.8","27.5","34","33.4","38.6","202.8","3263.8","0.1","3.2","16096","6.8","6.3","62494.8","65.2",1994,2014,1,0,0,0,1994,2014,8,21,8,1,0,0,0,0,0,0,0,1,0,0,0,0,0,0,"Brazil",3,2
"Bulgaria","Europe","65.9","30","43","91.1","60.4","66.9","71.6","82.6","88","65","60","1","10","10","26.3","36.3","7.2","128.6","1.7","1.2","17860","11.6","-1.6","1710.3","26.9",1994,2014,0,0.380952380952381,0.619047619047619,2,1994,2014,8.66666666666667,21,9,1,0,0,0,0,0,0,0,0,1,0,0,0,0,0,"Bulgaria",3,3
"Burkina Faso","Sub-Saharan Africa","59.1","30","38","82.8","76.8","46.3","58.9","84.9","68.2","65","40","8.4","27.5","27.5","14.5","27.8","17.4","29.3","4","6.4","1682","3.1","-0.3","341.9","28.3",1994,2014,1,0,0,0,1994,2014,-1.42857142857143,21,0,1,0,0,0,0,0,0,0,1,0,0,0,0,0,0,"Burkina Faso",2,2
"Myanmar (Burma)","Asia-Pacific","48.7","10","21","86.6","75.3","32.6","76.8","70","74.2","20","20","2.9","20","30","6.1","28.7","51.4","242.0","7.7","6.9","4706","3.3","5.9","946.2","16.8",1994,2014,1,0,0,0,1994,2014,-6.28571428571429,21,-3,1,0,4,4,0,1,1,0,0,1,0,0,0,1,1,"Burma",2,3
"Burundi","Sub-Saharan Africa","53.9","20","20","73.8","70.5","54.2","67.6","73.8","74.2","55","30","5.4","35","35","13.1","31.4","9.2","8.4","4.7","4.5","911","6.9","4.4","32","30.5",1994,2014,0.857142857142857,0,0.142857142857143,0,1994,2014,2.71428571428571,21,6,1,0,2.28571428571429,2.28571428571429,0,0.571428571428571,1,0,1,0,0,0,0,1,1,"Burundi",3,2
"Cambodia","Asia-Pacific","57.9","25","21","90.5","87.4","32.3","62.5","78.1","72.2","60","50","8.9","20","20","12.4","20.5","15.3","50.0","7","6.9","3263","0.4","3.9","1730.4","29.5",1994,2014,0,0,1,2,1994,2014,1.42857142857143,21,2,1,0,0.380952380952381,0.380952380952381,0,0.19047619047619,1,0,0,1,0,0,0,1,1,"Cambodia",2,3
"Cameroon","Sub-Saharan Africa","54.2","25","27","75.6","85.6","46.9","48.9","81.2","61.6","40","50","11.7","35","33","11.3","21.9","22.5","67.2","5.1","4.5","2981","4.3","1.9","501.2","23.9",1994,2014,1,0,0,0,1994,2014,-4,21,-4,1,0,0,0,0,0,0,0,1,0,0,0,0,0,0,"Cameroon",2,2
"Canada","North America","78","90","81","80","50.4","81.8","72.6","76.9","87","80","80","1.5","29","15","30.6","40.7","35.5","1591.6","2.5","2.6","44843","6.9","1.9","53864","86.5",1994,2014,0,0,1,2,1994,2014,10,21,10,1,0,0,0,0,0,0,1,0,0,0,0,0,0,0,"Canada",3,1
"Cape Verde","Sub-Saharan Africa","66.5","75","57","78.1","66.9","61.3","43.6","84.5","68.2","70","60","10.9","35","25","18.5","33.2","0.5","3.3","1","1.6","6324","9.2","-0.2","78.1","112.2",1994,2014,1,0,0,0,1994,2014,9.33333333333333,21,10,1,0,0,0,0,0,0,0,1,0,0,0,0,0,0,"Cape Verde",3,2
"Central African Republic","Sub-Saharan Africa","45.2","10","24","65.7","93.6","28","40.9","62.9","52.2","45","30","16.4","50","30","5.2","14.7","4.7","2.9","1","-4.9","607","7.4","15","3.5","41.8",1994,2014,1,0,0,0,1994,2014,1.66666666666667,21,0,1,0,1.57142857142857,1.57142857142857,0,0.619047619047619,0,0,1,0,0,0,0,1,1,"Central African Republic",2,2
"Chad","Sub-Saharan Africa","46.3","20","22","46","84.3","30.9","48.9","71.4","49.8","50","40","15.1","60","45","6.6","22.9","11.3","29.5","6.9","7","2617","7","1.7","760.5","25",1994,2014,1,0,0,0,1994,2014,-2.19047619047619,21,-2,1,0,0.952380952380952,0.952380952380952,0,0.333333333333333,0,0,1,0,0,0,0,1,1,"Chad",2,2
"Chile","South and Central America / Caribbean","77.7","85","73","74.8","83.1","72.1","64.3","82.9","86.4","85","70","1.8","40","22.5","20.2","23.7","17.8","409.3","1.8","4.6","22971","6.4","4.4","22949.2","13.9",1994,2014,1,0,0,0,1994,2014,9.14285714285714,21,10,1,0,0,0,0,0,0,0,1,0,0,0,0,0,0,"Chile",3,2
"China","Asia-Pacific","52","20","36","69.7","74.3","54.2","62","70.6","72.8","30","30","3.6","45","25","19.4","29.3","1367.8","17617.3","7.4","8.5","12880","4.7","2","128500","41.1",1994,2014,0,1,0,1,1994,2014,-7,21,-7,1,0,0.761904761904762,0.761904761904762,0,0.523809523809524,4,0,0,1,0,0,0,1,1,"China",1,3
"Colombia","South and Central America / Caribbean","70.8","50","37","80.1","74.4","78.2","77.6","79.6","81","80","70","4.5","33","25","16.5","29.2","47.7","640.1","4.6","4.8","13430","10.1","2.9","16053.8","38",1994,2014,1,0,0,0,1994,2014,7.09523809523809,21,7,1,0,4,4,0,1,7,0,1,0,0,0,0,1,1,"Colombia",3,2
"Comoros","Sub-Saharan Africa","52.4","30","26","64.5","81","49.6","51","79.4","72","40","30","6.5","30","50","12.1","25.2","0.8","1.2","3.3","2.8","1548","6.5","2.9","14","20",1994,2014,1,0,0,0,1994,2014,5.42857142857143,21,9,1,0,0,0,0,0,0,0,1,0,0,0,0,0,0,"Comoros",3,2
"Congo Kinshasa","Sub-Saharan Africa","46.4","10","22","73.3","95.2","42.8","41","78.5","61","20","20","12","30","40","13","12.7","79.3","55.8","9.1","7.7","704","8","1","2063.2","19.7",1994,2014,1,0,0,0,1994,2014,2.52380952380952,21,5,1,0,4.90476190476191,4.90476190476191,0,1,0,0,1,0,0,0,0,1,1,"Democratic Republic of the Congo",2,2
"Congo Brazzaville","Sub-Saharan Africa","42.8","10","23","66.9","55.8","35.9","38.8","75.6","52","40","30","16.5","45","34","11.2","38.4","4.3","28.0","6","5.1","6559","6.5","0.9","5502.3","42.3",1994,2014,1,0,0,0,1994,2014,-3.14285714285714,21,-4,1,0,0.523809523809524,0.523809523809524,0,0.238095238095238,0,0,1,0,0,0,0,1,1,"Congo",2,2
"Costa Rica","South and Central America / Caribbean","67.4","50","54","79.4","88.7","68.6","53.8","77.6","81.6","70","50","4.2","25","30","23.2","19.4","4.8","71.0","3.5","4.3","14864","8.3","3.2","2105.9","39.8",1994,2014,1,0,0,0,1994,2014,10,21,10,1,0,0,0,0,0,0,0,1,0,0,0,0,0,0,"Costa Rica",3,2
"Ivory Coast","Sub-Saharan Africa","60","30","32","78.3","85.4","62.2","46.9","73.5","71.8","70","50","6.6","36","25","15.7","22.1","22.7","71.1","7.5","4.9","3131","4","0.4","462","36.4",1994,2014,1,0,0,0,1994,2014,-0.333333333333333,21,4,1,0,0.666666666666667,0.666666666666667,0,0.333333333333333,0,0,1,0,0,0,0,1,1,"Cote d'Ivoire",2,2
"Croatia","Europe","59.1","35","48","70.8","33.7","60.3","42.4","78.7","87.4","75","60","1.3","40","20","30.4","47","4.2","88.5","-0.4","-1.1","20889","16.7","-0.2","3451.2","80.9",1994,2014,0.333333333333333,0,0.666666666666667,2,1994,2014,5.14285714285714,21,9,1,0,0.285714285714286,0.285714285714286,0,0.0952380952380952,0,0,0,1,0,0,0,1,1,"Croatia",3,3
"Cuba","South and Central America / Caribbean","29.8","10","46","52.1","0","20","20","65.2","64.6","10","10","7.7","50","30","37.3","64.6","11.2","134.30","1.3",NA,"11950",NA,"5.3",NA,"32.1",1994,2014,0,1,0,1,1994,2014,-7,21,-7,1,0,0,0,0,0,0,0,0,1,0,0,0,0,0,"Cuba",1,3
"Cyprus","Europe","68.7","70","63","76.1","47.3","74.5","58.2","85.3","88","75","50","1","35","12.5","31.8","41.9","0.9","27.4","-2.3","-1.7","30769","15.6","-0.3","679","107.1",1994,2014,1,0,0,0,1994,2014,10,21,10,1,0,0,0,0,0,0,1,0,0,0,0,0,0,0,"Cyprus",3,1
"Czech Republic","Europe","73.2","75","51","82.5","47.3","66.6","77.7","84.1","88","80","80","1","15","19","34.1","41.9","10.5","314.6","2","1","29925","6.2","0.4","5908.5","41.6",1994,2014,0,0,1,2,1994,2014,9.57142857142857,21,9,1,0,0,0,0,0,0,0,0,1,0,0,0,0,0,"Czech Republic",3,3
"Denmark","Europe","75.3","95","92","39.5","2.3","95.4","86","84.4","88","90","80","1","56","23.5","48.6","57.1","5.6","249.5","1","0.5","44343","6.6","0.6","3651.9","42.6",1994,2014,0,0,1,2,1994,2014,10,21,10,1,0,0,0,0,0,0,0,0,0,0,1,0,0,0,"Denmark",3,5
"Djibouti","Sub-Saharan Africa","56","25","34","80.6","57.4","50.8","62.9","74.3","54.6","70","50","17.7","30","25","20.3","37.7","0.9","2.9","6","4.8","3051","60","2.9","153","44.6",1994,2014,1,0,0,0,1994,2014,0.19047619047619,21,4,1,0,0.0476190476190476,0.0476190476190476,0,0.0476190476190476,0,0,1,0,0,0,0,1,1,"Djibouti",2,2
"Dominica","South and Central America / Caribbean","67","60","58","74","68.5","73.3","68.7","90.1","72.6","75","30","8.7","35","30","21.7","32.4","0.1","0.8","1.1","0","10800",NA,"0.7","41.1","76.6",NA,NA,NA,NA,NA,NA,NA,NA,NA,NA,NA,NA,NA,NA,NA,NA,NA,0,1,0,0,0,0,NA,NA,NA,"Dominica",NA,1
"Dominican Republic","South and Central America / Caribbean","61","25","32","84.5","90.2","56.6","56.5","73.1","77.2","75","40","6.4","25","27","13.9","18.1","10.6","138.0","7.3","5.2","13012","15","3","2208.3","35.1",1994,2014,1,0,0,0,1994,2014,7.71428571428571,21,8,1,0,0,0,0,0,0,0,1,0,0,0,0,0,0,"Dominican Republic",3,2
"Ecuador","South and Central America / Caribbean","48.6","15","33","79.2","41.8","55.5","51.6","68.1","71.4","30","40","4.3","35","22","19.3","44","16","180.2","3.6","5","11244","4.6","3.6","773.9","29.8",1994,2014,1,0,0,0,1994,2014,6.47619047619048,21,5,1,0.0476190476190476,0,0.0476190476190476,0.0476190476190476,0,0,0,1,0,0,0,1,0,1,"Ecuador",2,2
"Egypt","Middle East / North Africa","56","20","37","85.6","65.9","68.3","51.4","65.8","70.6","55","40","9.7","25","25","13.9","33.7","86.7","943.1","2.2","2.7","10877","13.2","10.1","4783.2","90.5",1994,2014,0.428571428571429,0.571428571428571,0,0,1994,2014,-4.61904761904762,21,-4,1,0,0.428571428571429,0.428571428571429,0,0.428571428571429,5,0,1,0,0,0,0,1,1,"Egypt",2,2
"El Salvador","South and Central America / Caribbean","65.1","35","39","79.1","85.3","56","52.6","83.4","85.8","75","60","2.1","30","30","17.1","22.1","6.4","50.9","2","1.8","8021","6.2","1.1","275","56.5",1994,2014,1,0,0,0,1994,2014,7.28571428571429,21,8,1,0,0,0,0,0,0,0,1,0,0,0,0,0,0,"El Salvador",3,2
"Equatorial Guinea","Sub-Saharan Africa","43.7","10","19","75.4","45.6","45.6","38.4","78.9","53.8","40","30","15.6","35","35","2.3","42.6","0.8","25.1","-3.1","-0.2","32266","7.9","3","1933","7.6",1994,2014,1,0,0,0,1994,2014,-5,21,-5,1,0,0,0,0,0,0,0,1,0,0,0,0,0,0,"Equatorial Guinea",2,2
"Eritrea","Sub-Saharan Africa","42.7","10","18","80.9","73.4","32.1","65.6","57.8","69.2","0","20","5.4","30","30","10.7","29.8","6.5","7.8","1.7","4.2","1195","7.2","12.3","46.5","125.3",1994,2014,0,1,0,1,1994,2014,-6.66666666666667,21,-7,1,0.714285714285714,0,0.714285714285714,0.142857142857143,0,0,0,1,0,0,0,1,0,1,"Eritrea",1,2
"Estonia","Europe","77.2","90","69","81.9","54.9","79","57.2","82.2","88","90","80","1","20","20","31.8","38.8","1.3","35.6","2.1","3.8","26999","7.7","0.5","982.9","9.7",1994,2014,0,1,0,1,1994,2014,8.19047619047619,21,9,1,0,0,0,0,0,0,0,0,1,0,0,0,0,0,"Estonia",3,3
"Ethiopia","Sub-Saharan Africa","51.5","30","33","77.2","90.5","55.8","57.7","66","65","20","20","10","35","30","12.4","17.8","91","144.6","10.3","10.2","1589","5.2","7.4","1200","21.9",1994,2014,0.0952380952380952,0,0.904761904761905,2,1994,2014,-0.904761904761905,21,-3,1,0.714285714285714,0.476190476190476,1.19047619047619,0.142857142857143,0.476190476190476,0,0,1,0,0,0,1,1,1,"Ethiopia",2,2
"Fiji","Asia-Pacific","58.8","30","22.3","81.2","75.3","62","70.6","77.6","68.8","50","50","10.6","29","20","25.3","28.7","0.9","7.3","4.1","3.2","8236","7.9","0.5","278.9","49.5",1994,2014,0,0,1,2,1994,2014,1.61904761904762,21,2,1,0,0,0,0,0,0,1,0,0,0,0,0,0,0,"Fiji",2,1
"Finland","Europe","72.6","90","89","66.5","0.8","90.7","53.7","81.9","88","85","80","1","31.8","20","44","57.5","5.5","221.0","-0.1","0.5","40347","8.6","1.2","18624.7","59.6",1994,2014,0,0,1,2,1994,2014,10,21,10,1,0,0,0,0,0,0,0,0,0,0,1,0,0,0,"Finland",3,5
"France","Europe","62.3","80","69","47.7","2.5","78.4","43.5","79.1","83","70","70","1","45","34.3","45","57","63.9","2580.8","0.4","1","40375","9.9","0.6","15191.1","95.1",1994,2014,0,0,1,2,1994,2014,9,21,9,1,0,0,0,0,0,0,0,1,0,0,0,0,0,0,"France",3,2
"Gabon","Sub-Saharan Africa","59","40","37","77.6","74.5","58.4","61.9","78.4","61.8","60","40","14.1","35","30","10.6","29.2","1.6","36.3","5.1","5.9","22924","19.7","4.5","972.9","27.8",1994,2014,1,0,0,0,1994,2014,-2,21,3,1,0,0,0,0,0,0,0,1,0,0,0,0,0,0,"Gabon",2,2
"Gambia","Sub-Saharan Africa","57.1","25","29","75.5","78","53.4","65.8","64.7","65","65","50","12.5","35","32","14.3","27.1","1.9","3.1","-0.2","2.5","1599","7","6.3","28.4","100.2",1994,2014,1,0,0,0,1994,2014,-5.23809523809524,21,-5,1,0,0,0,0,0,0,1,0,0,0,0,0,0,0,"Gambia",2,1
"Georgia","Europe","72.6","40","52","87.6","75.3","86.5","75.7","80.5","88.6","80","60","0.7","20","15","24.8","28.7","4.5","34.2","4.7","5.6","7653","13.4","3.1","1279.1","35.1",1994,2014,1,0,0,0,1994,2014,5.71428571428571,21,7,1,0.0476190476190476,0.0476190476190476,0.0952380952380952,0.0476190476190476,0.0476190476190476,0,0,0,1,0,0,1,1,1,"Georgia",3,3
"Germany","Europe","74.4","90","79","61.5","41.3","90","50.6","83.3","88","90","70","1","47.5","15.8","36.7","44.3","81.1","3721.6","1.6","2","45888","5","0.8","1830.9","73.1",1994,2014,0,0,1,2,1994,2014,10,21,10,1,0,0,0,0,0,0,0,0,0,1,0,0,0,0,"Germany",3,4
"Ghana","Sub-Saharan Africa","63","50","48","84.9","77.6","61.5","56.5","66.5","65","60","60","10","25","25","16.1","27.3","26.2","108.3","4.2","8.3","4129","2.4","15.5","3357","67.6",1994,2014,1,0,0,0,1994,2014,5.42857142857143,21,8,1,0,0.0476190476190476,0.0476190476190476,0,0.0476190476190476,0,1,0,0,0,0,0,1,1,"Ghana",3,1
"Greece","Europe","53.2","40","43","64.4","0","73.8","50.2","77.7","83","60","40","1","42","26","33.5","60.1","11","284.3","0.8","-4.8","25859","26.3","-1.4","2171.6","177.2",1994,2014,0,0,1,2,1994,2014,10,21,10,1,0,0,0,0,0,0,0,1,0,0,0,0,0,0,"Greece",3,2
"Guatemala","South and Central America / Caribbean","61.8","20","32","79.1","94.3","62.5","50.9","77.9","86.4","65","50","1.8","31","31","13","13.8","15.9","119.1","4","3.5","7503","2.9","3.4","1395.8","23.7",1994,2014,0.904761904761905,0.0952380952380952,0,0,1994,2014,7.52380952380952,21,8,1,0,0.714285714285714,0.714285714285714,0,0.142857142857143,0,0,1,0,0,0,0,1,1,"Guatemala",3,2
"Guinea","Sub-Saharan Africa","53.3","20","25","68.5","81.2","51.4","71.8","69.2","61.2","45","40","11.9","40","35","17.9","25.1","11.4","15.0","0.4","2.5","1313","1.8","9.7","566","37.4",1994,2014,1,0,0,0,1994,2014,-0.428571428571429,21,4,1,0,0.0952380952380952,0.0952380952380952,0,0.0952380952380952,0,0,1,0,0,0,0,1,1,"Guinea",2,2
"Guinea-Bissau","Sub-Saharan Africa","51.8","20","19","89.3","94.1","36.7","61.1","78.5","59.4","30","30","12.8","20","25","6.5","14","1.7","2.5","2.5","2.8","1436","6.9","-1","21.5","61",1994,2014,1,0,0,0,1994,2014,4.09523809523809,21,6,1,0,0.19047619047619,0.19047619047619,0,0.0952380952380952,0,0,1,0,0,0,0,1,1,"Guinea-Bissau",3,2
"Guyana","South and Central America / Caribbean","55.4","30","30","68.7","73.1","63","70.7","77.4","70.8","40","30","7.1","33.3","40","20.6","29.9","0.8","5.5","3.8","4.7","6895","11.1","1","255.2","65.8",1994,2014,0,1,0,1,1994,2014,6,21,6,1,0,0,0,0,0,0,1,0,0,0,0,0,0,0,"Guyana",3,1
"Haiti","South and Central America / Caribbean","51.3","10","19","80.5","76.4","47.1","62","76","72","40","30","6.5","30","30","12.2","28","10.5","18.3","2.8","2","1750","6.8","3.9","99","26",1994,2014,1,0,0,0,1994,2014,2.47619047619048,21,0,1,0,0.19047619047619,0.19047619047619,0,0.19047619047619,0,0,1,0,0,0,0,1,1,"Haiti",2,2
"Honduras","South and Central America / Caribbean","57.7","30","29","84.2","72","58","31","74.8","78.4","60","60","5.8","25","25","18.1","30.6","8.3","39.1","3.1","3.5","4729","3.9","6.1","1144.1","46.1",1994,2014,1,0,0,0,1994,2014,6.76190476190476,21,7,1,0,0,0,0,0,0,0,1,0,0,0,0,0,0,"Honduras",3,2
"Hong Kong SAR","Asia-Pacific","88.6","90","74","92.6","90.7","97.4","89","81.8","90","90","90","0","15","16.5","15.7","17.6","7.3","397.5","2.3","3.7","54722","3.2","4.4","103254.2","6.9",NA,NA,NA,NA,NA,NA,NA,NA,NA,NA,NA,NA,NA,NA,NA,NA,NA,0,1,0,0,0,0,NA,NA,NA,"Hong Kong",NA,1
"Hungary","Europe","66","45","54","78.7","26.7","70.6","63.8","88.3","88","75","70","1","16","19","38.9","49.4","9.9","246.4","3.6","1.3","24942","7.8","-0.3","4039.4","76.9",1994,2014,0,0,1,2,1994,2014,10,21,10,1,0,0,0,0,0,0,0,0,1,0,0,0,0,0,"Hungary",3,3
"Iceland","Europe","73.3","90","79","73.3","42.1","90.1","61.6","79.5","87.8","70","60","1.1","31.8","20","35.5","43.9","0.3","14.2","1.8","1.1","43637","5","2","436.1","82.1",1994,2014,0,0,1,2,NA,NA,NA,NA,NA,NA,NA,NA,NA,NA,NA,0,0,0,0,0,1,NA,NA,NA,"Iceland",NA,5
"India","Asia-Pacific","56.2","55","38","77.1","78.1","47.6","47.8","72.8","71","35","40","7","30.9","32.4","16.7","27","1259.7","7375.9","7.2","7.2","5855","3.6","6","34416.8","65",1994,2014,0,0,1,2,1994,2014,8.95238095238095,21,9,1,0.0476190476190476,7.19047619047619,7.23809523809524,0.0476190476190476,1,34,1,0,0,0,0,1,1,1,"India",3,1
"Indonesia","Asia-Pacific","59.4","30","34","83.4","89","54","49.3","74.3","80.4","40","60","2.3","30","25","11.8","19.1","251.5","2676.1","5","5.8","10641","6.2","6.4","22579.6","25",1994,2014,0.476190476190476,0.523809523809524,0,0,1994,2014,4.09523809523809,21,9,1,0,0.857142857142857,0.857142857142857,0,0.428571428571429,5,0,1,0,0,0,0,1,1,"Indonesia",3,2
"Iran","Middle East / North Africa","43.5","10","27","81.2","93.2","59.3","49","50.6","54.6","0","10","15.2","35","25","5.8","15","78","1334.3","3","1","17114","12.8","15.5","2105.5","12.2",1994,2014,1,0,0,0,1994,2014,-3.28571428571429,21,-7,1,0,0,0,0,0,5,0,1,0,0,0,0,0,0,"Iran (Islamic Republic of)",1,2
"Iraq","Middle East / North Africa",NA,NA,"16",NA,"29.7","63.2","68.5","75",NA,NA,NA,NA,"15","15",NA,"48.4","35.9","522.7","-2.4","6.4","14571","16.4","2.2","4781.8","37",1994,2014,NA,NA,NA,2,1994,2014,-4.71428571428571,14,3,1,2.52380952380952,1.61904761904762,4.14285714285714,0.619047619047619,0.428571428571429,545,0,1,0,0,0,1,1,1,"Iraq",2,2
"Ireland","Europe","77.3","90","74","73.6","50.3","79.6","72.1","85.5","88","90","70","1","41","12.5","28.3","40.7","4.6","226.8","4.8","1.4","49195","11.6","0.3","7697.7","109.5",1994,2014,0,0,1,2,1994,2014,10,21,10,1,0,0,0,0,0,0,1,0,0,0,0,0,0,0,"Ireland",3,1
"Israel","Middle East / North Africa","70.7","75","60","60.6","48.8","70.6","64.6","84.2","88.2","85","70","0.9","48","26.5","30.5","41.3","8.2","268.5","2.8","3.8","32691","6.1","0.5","6431.6","68.8",1994,2014,0.238095238095238,0,0.761904761904762,2,1994,2014,9.76190476190476,21,10,1,0.0952380952380952,2,2.0952380952381,0.0476190476190476,1,22,1,0,0,0,0,1,1,1,"Israel",3,1
"Italy","Europe","61.2","50","43","55.8","22.1","70.3","53","84.5","88","85","60","1","43","27.5","42.6","51","60","2127.7","-0.4","-0.5","35486","12.5","0.2","11450.8","132.1",1994,2014,0,0,1,2,1994,2014,10,21,10,1,0,0,0,0,0,0,0,1,0,0,0,0,0,0,"Italy",3,2
"Jamaica","South and Central America / Caribbean","67.5","40","38","81.7","78","81.3","72.7","77.5","75.4","80","50","7.3","25","25","24","27.1","2.8","24.1","0.5","0","8609","13.2","7.1","550.8","140.6",1994,2014,0,0,1,2,1994,2014,9,21,9,1,0,0,0,0,0,0,1,0,0,0,0,0,0,0,"Jamaica",3,1
"Japan","Asia-Pacific","73.1","80","76","68.5","46.2","82.5","83.9","81.2","82.6","70","60","1.2","40.8","23.9","30.3","42.3","127.1","4750.8","-0.1","1.5","37390","3.7","2.7","2089.8","246.4",1994,2014,0,0,1,2,1994,2014,10,21,10,1,0,0,0,0,0,0,0,0,0,1,0,0,0,0,"Japan",3,4
"Jordan","Middle East / North Africa","68.3","60","49","91.7","62","64.9","68.4","83.1","73.4","70","60","8.3","14","20","15.3","35.6","6.7","79.6","3.1","2.7","11927","11.1","2.9","1760.4","89.3",1994,2014,1,0,0,0,1994,2014,-2.38095238095238,21,-3,1,0,0,0,0,0,1,0,1,0,0,0,0,0,0,"Jordan",2,2
"Kazakhstan","Asia-Pacific","63.6","30","29","93","87.7","72.3","82.7","74","77.4","40","50","3.8","10","20","14","20.2","17.4","418.5","4.3","6","24020","4.1","6.7","9562","15.1",1994,2014,1,0,0,0,1994,2014,-5.19047619047619,21,-6,1,0,0,0,0,0,0,0,0,1,0,0,0,0,0,"Kazakhstan",1,3
"Kenya","Sub-Saharan Africa","57.5","30","25","79.4","80.8","48.6","62.2","73.5","65.6","60","50","9.7","30","30","16.2","25.3","42.9","132.4","5.3","6","3084","9.2","6.9","989","48.6",1994,2014,1,0,0,0,1994,2014,3.71428571428571,21,9,1,0,0.476190476190476,0.476190476190476,0,0.19047619047619,3,1,0,0,0,0,0,1,1,"Kenya",3,1
"Kiribati","Asia-Pacific","46.2","30","29.2","73.3","0","51.6","83.9","81","58.2","25","30","15.9","35","35","14.9","96.6","0.1","0.2","3.8","1.7","1713",NA,"2.1","1.2","7.99",NA,NA,NA,NA,NA,NA,NA,NA,NA,NA,NA,NA,NA,NA,NA,NA,NA,0,1,0,0,0,0,NA,NA,NA,"Kiribati",NA,1
"Korea North","Asia-Pacific","2.3","5","8","0","0","5","5","0","0","0","0",NA,"100","100","100","100","24.7","15.50","0.9",NA,NA,NA,NA,"134.3",NA,1994,2014,0,1,0,1,1994,2014,-10,21,-10,1,0,0,0,0,0,0,0,0,1,0,0,0,0,0,"Korea, Democratic People's Republic of",1,3
"Korea South","Asia-Pacific","71.7","70","55","73.8","69.7","91.1","50.6","82.6","74.6","70","80","7.7","38","24.2","24.3","31.8","50.4","1778.8","3.3","3.8","35277","3.5","1.3","9898.5","35.7",1994,2014,1,0,0,0,1994,2014,7.61904761904762,21,8,1,0,0,0,0,0,0,0,0,0,1,0,0,0,0,"Korea, Republic of",3,4
"Kuwait","Middle East / North Africa","62.7","45","44","97.7","57.7","63.4","62.7","74.2","77.2","55","50","3.9","0","15","0.7","37.5","4","284.0","1.3","3.3","71020","3","2.9","485.8","7.1",1994,2014,1,0,0,0,1994,2014,-7,21,-7,1,0,0,0,0,0,0,0,1,0,0,0,0,0,0,"Kuwait",1,2
"Kyrgyzstan","Asia-Pacific","59.6","20","27","93.7","56.3","65.3","80.4","68.4","75","60","50","2.5","10","10","20.8","38.1","5.7","19.2","3.6","3.7","3361","8.1","7.5","210.5","53",1994,2014,1,0,0,0,1994,2014,0.619047619047619,21,7,1,0,0.0952380952380952,0.0952380952380952,0,0.0476190476190476,0,0,0,1,0,0,0,1,1,"Kyrgyzstan",3,3
"Laos","Asia-Pacific","49.8","15","25","86.1","73.8","55.9","57.6","71.3","58.6","35","20","13.2","24","24","15.3","29.6","6.9","34.4","7.4","7.9","4987","1.4","4.1","720.8","62.5",1994,2014,0,1,0,1,1994,2014,-7,21,-7,1,0,0,0,0,0,0,0,0,1,0,0,0,0,0,"Lao People's Democratic Republic",1,3
"Latvia","Europe","70.4","50","55","84.8","58.4","78.6","59.5","84.8","88","85","60","1","23","15","27.7","37.2","2","48.2","2.4","2.7","23707","10","0.7","473.5","37.8",1994,2014,0,0,1,2,1994,2014,8,21,8,1,0,0,0,0,0,0,0,0,1,0,0,0,0,0,"Latvia",3,3
"Lebanon","Middle East / North Africa","59.5","20","27","91.3","75.7","59.1","57.3","79","75.8","60","50","7.1","20","15","15.5","28.5","4.5","81.1","2","3.2","17986","6.4","1.9","3070.1","134.4",1994,2014,0,1,0,1,2005,2014,6,10,6,1,0.0952380952380952,0.0952380952380952,0.19047619047619,0.0476190476190476,0.0952380952380952,5,0,1,0,0,0,1,1,1,"Lebanon",3,2
"Lesotho","Sub-Saharan Africa","50.6","30","49","59.1","0","53.3","62.1","76.9","85.8","50","40","2.1","35","25","47.3","62.6","1.9","5.3","2.2","4.5","2764","26.2","3.9","46.4","45.9",1994,2014,0,0,1,2,1994,2014,7.04761904761905,21,8,1,0,0,0,0,0,0,1,0,0,0,0,0,0,0,"Lesotho",3,1
"Liberia","Sub-Saharan Africa","52.2","25","37","83.8","67.7","55.1","44.5","71","72.8","45","20","6.1","25","25","19.2","32.8","4.2","3.7","0.5","6.2","882","3.8","9.9","302","33.2",1994,2014,0.904761904761905,0.0952380952380952,0,0,1994,2014,3,21,6,1,0,0.952380952380952,0.952380952380952,0,0.380952380952381,0,1,0,0,0,0,0,1,1,"Liberia",3,1
"Libya","Middle East / North Africa",NA,"10","18","95","0","55.5","63.1","74",NA,"5",NA,NA,"10","20","0.7","69.8","6.2","97.6","-24","2","15706","19.2","2.8","50","39.3",1994,2014,1,0,0,0,1994,2014,-5.66666666666667,21,0,1,0,0.238095238095238,0.238095238095238,0,0.0952380952380952,0,0,1,0,0,0,0,1,1,"Libyan Arab Jamahiriya",2,2
"Liechtenstein","Europe",NA,NA,NA,NA,NA,NA,NA,NA,"90","85","80","0","7","12.5",NA,NA,"37624","5.80","1.8",NA,"158976","2.3","-0.7",NA,NA,NA,NA,NA,NA,NA,NA,NA,NA,NA,NA,NA,NA,NA,NA,NA,NA,NA,0,0,0,0,1,0,NA,NA,NA,"Liechtenstein",NA,4
"Lithuania","Europe","75.2","65","58","92.9","63.8","80","60","84.6","88","80","80","1","15","15","16","34.7","2.9","79.6","2.9","3.6","27051","11.3","0.2","217.1","37.7",1994,2014,1,0,0,0,1994,2014,10,21,10,1,0,0,0,0,0,0,0,0,1,0,0,0,0,0,"Lithuania",3,3
"Luxembourg","Europe","73.9","90","82","61.1","43","73.7","42.6","83.2","88","95","80","1","43.6","21","39.3","43.6","0.6","51.4","2.9","2.5","92049","6.1","0.7","7087","24.6",1994,2014,0,0,1,2,1994,2014,10,21,10,1,0,0,0,0,0,0,0,1,0,0,0,0,0,0,"Luxembourg",3,2
"Macau","Asia-Pacific","70.1","60","49.7","73.1","93.9","60","50","69.6","90","85","70","0","12","39","32","14.3","0.6","0.8","-0.4","13.7","39220",NA,"6","3046.1","0",NA,NA,NA,NA,NA,NA,NA,NA,NA,NA,NA,NA,NA,NA,NA,NA,NA,0,0,1,0,0,0,NA,NA,NA,"Macau",NA,2
"Macedonia","Europe","67.5","35","45","92.1","69.6","76.4","66.7","83.5","86.4","60","60","1.8","10","10","24.2","31.8","2.1","27.6","3.8","2.3","13349","27.9","-0.1","348","38",1994,2014,0,0,1,2,1994,2014,7.85714285714286,21,9,1,0,0,0,0,0,0,0,0,1,0,0,0,0,0,"The former Yugoslav Republic of Macedonia",3,3
"Madagascar","Sub-Saharan Africa","61.1","45","28","91.1","93.4","52.9","48.5","74.5","77.2","50","50","6.4","20","20","9.3","14.9","23.6","33.9","3","2","1437","3.6","6.1","350.7","34.91",1994,2014,1,0,0,0,1994,2014,6.04761904761905,21,6,1,0,0,0,0,0,0,0,1,0,0,0,0,0,0,"Madagascar",3,2
"Malawi","Sub-Saharan Africa","51.8","40","33","79","27.1","44.5","63.4","53.6","72.4","55","50","3.8","30","30","17.4","49.3","17.6","13.7","5.7","4.7","780","7.5","23.8","130","62",1994,2014,1,0,0,0,1994,2014,5.76190476190476,21,6,1,0,0,0,0,0,0,1,0,0,0,0,0,0,0,"Malawi",3,1
"Malaysia","Asia-Pacific","71.5","55","52","85","74.3","91.4","71.5","84.5","81.4","60","60","4.3","25","25","15.8","29.3","30.3","746.1","6","5.8","24654","2","3.1","10799.2","57",1994,2014,0,0,1,2,1994,2014,4,21,5,1,0,0,0,0,0,0,1,0,0,0,0,0,0,0,"Malaysia",2,1
"Maldives","Asia-Pacific","53.9","25","21.9","94","60.8","81.5","70.4","73","47.8","35","30","21.1","0","0","24.5","36.1","0.3","4.9","5","4.9","14383","11.6","2.5","363.3","74.8",1994,2014,1,0,0,0,NA,NA,NA,NA,NA,NA,NA,NA,NA,NA,NA,0,1,0,0,0,0,NA,NA,NA,"Maldives",NA,1
"Mali","Sub-Saharan Africa","56.5","25","32","70.3","82.8","46.3","50.8","83","70.2","65","40","7.4","40","35","12.2","23.9","15.8","27.3","6.8","3.4","1729","8.1","0.9","198.9","31.5",1994,2014,1,0,0,0,1994,2014,6.23809523809524,21,5,1,0,0.238095238095238,0.238095238095238,0,0.238095238095238,0,0,1,0,0,0,0,1,1,"Mali",2,2
"Malta","Europe","66.7","70","55","63.9","46.5","61.6","53.5","83.5","88","85","60","1","35","35","34","42.2","0.4","14.1","3.6","2.9","33216","5.9","0.8","9278.9","68.1",1994,2014,0,0,1,2,NA,NA,NA,NA,NA,NA,NA,NA,NA,NA,NA,0,0,1,0,0,0,NA,NA,NA,"Malta",NA,2
"Mauritania","Sub-Saharan Africa","54.8","25","30","81.6","75.3","48.7","50.7","77.7","69","50","40","8","30","25","17.7","28.7","3.6","15.5","6.4","5.4","4288","31","3.5","492.5","59.1",1994,2014,1,0,0,0,1994,2014,-4.14285714285714,21,-2,1,0,0,0,0,0,0,0,1,0,0,0,0,0,0,"Mauritania",2,2
"Mauritius","Sub-Saharan Africa","74.7","60","54","92","81.5","77.5","65","78.7","88.6","80","70","0.7","15","15","18.6","24.9","1.3","23.4","3.2","3.5","18553","7.7","3","418.4","52.8",1994,2014,0,0,1,2,1994,2014,10,21,10,1,0,0,0,0,0,0,0,1,0,0,0,0,0,0,"Mauritius",3,2
"Mexico","North America","65.2","50","35","74.9","76.4","70.7","58.2","77.4","79.2","70","60","5.4","35","30","19.7","28.1","119.7","2140.6","2.1","3.3","17881","4.9","4","22794.7","50.1",1994,2014,1,0,0,0,1994,2014,7.14285714285714,21,8,1,0,1.47619047619048,1.47619047619048,0,0.619047619047619,0,0,1,0,0,0,0,1,1,"Mexico",3,2
"Micronesia","Asia-Pacific","51.8","30","30","93.2","0","57.5","79.1","82.1","85.6","30","30","2.2","10","21","11.6","59.6","0.1","0.3","0.1","0.2","3015",NA,"0.7","0.8","26.54",NA,NA,NA,NA,NA,NA,NA,NA,NA,NA,NA,NA,NA,NA,NA,NA,NA,0,1,0,0,0,0,NA,NA,NA,"Micronesia, Federated States of",NA,1
"Moldova","Europe","57.4","40","35","85.4","55.6","64.6","39.3","76","73.6","55","50","5.7","18","12","31.5","38.5","3.6","17.7","4.6","5.4","4979","3.4","5.1","207.4","31.5",1994,2014,0.333333333333333,0.666666666666667,0,1,1994,2014,8.14285714285714,21,9,1,0,0.19047619047619,0.19047619047619,0,0.19047619047619,0,0,0,1,0,0,0,1,1,"Republic of Moldova",3,3
"Mongolia","Asia-Pacific","59.4","30","39","84.4","51.5","67.7","77.9","68","70","45","60","5","10","25","28.8","40.2","2.9","34.8","7.8","14","11882","4.8","12.9","507.6","67.3",1994,2014,1,0,0,0,1994,2014,9.90476190476191,21,10,1,0,0,0,0,0,0,0,0,1,0,0,0,0,0,"Mongolia",3,3
"Montenegro","Europe","64.9","40","42","91.6","39.8","76.6","72","82.6","84.8","70","50","2.6","9","9","26","44.8","0.6","9.4","1.1","1.5","14996","19.1","-0.7","497","58.4",NA,NA,NA,NA,NA,NA,2006,2014,9,9,9,NA,NA,NA,NA,NA,NA,0,NA,NA,NA,NA,NA,NA,NA,NA,"Montenegro",3,NA
"Morocco","Middle East / North Africa","61.3","40","39","71.5","65.6","66.4","34.3","84.1","81.8","70","60","4.1","38","30","22.4","33.9","33.2","252.4","2.9","3.7","7606","10.2","0.4","3582.3","63.9",1994,2014,1,0,0,0,1994,2014,-5.80952380952381,21,-4,1,0,0,0,0,0,2,0,1,0,0,0,0,0,0,"Morocco",2,2
"Mozambique","Sub-Saharan Africa","53.2","30","31","74.3","63.5","55.9","41.9","79.5","70.8","35","50","7.1","32","32","22.9","34.9","26.5","31.1","7.4","7.3","1174","22.6","2.3","4901.8","55.4",1994,2014,0.952380952380952,0.0476190476190476,0,0,1994,2014,5,21,6,1,0,0,0,0,0,0,0,1,0,0,0,0,0,0,"Mozambique",3,2
"Namibia","Sub-Saharan Africa","61.9","30","49","64.4","63.9","68.2","84.5","75.1","83.4","60","40","0.8","37","34","32.1","34.7","2.2","23.6","5.3","5.3","10765","18.6","5.3","413.7","25.2",1994,2014,0.952380952380952,0.0476190476190476,0,0,1994,2014,6,21,6,1,0,0,0,0,0,0,1,0,0,0,0,0,0,0,"Namibia",3,1
"Nepal","Asia-Pacific","50.9","30","29","85.1","91.1","64.9","47.3","70.8","55.6","5","30","14.7","25","25","15.3","17.2","28.1","66.8","5.5","4.5","2376","2.7","9","29.6","26.3",1994,2014,0.238095238095238,0,0.761904761904762,2,1994,2014,3.47619047619048,21,6,1,0,1.04761904761905,1.04761904761905,0,0.523809523809524,0,1,0,0,0,0,0,1,1,"Nepal",3,1
"Netherlands","Europe","74.6","90","83","52.7","34.4","80","64","83.4","88","90","80","1","52","25","37.4","46.8","16.9","798.6","0.9","0.3","47355","6.9","0.3","30253.3","68.3",1994,2014,0,0,1,2,1994,2014,10,21,10,1,0,0,0,0,0,0,0,1,0,0,0,0,0,0,"Netherlands",3,2
"New Zealand","Asia-Pacific","81.6","95","91","71","46","91.4","85.9","88.1","87.2","80","80","1.4","33","28","32.1","42.4","4.5","158.9","3.2","2.2","35152","5.6","1.2","3391.3","34",1994,2014,0,0,1,2,1994,2014,10,21,10,1,0,0,0,0,0,0,1,0,0,0,0,0,0,0,"New Zealand",3,1
"Nicaragua","South and Central America / Caribbean","58.6","10","28","78","82.8","61.2","55.7","69","86.2","65","50","1.9","30","30","20","24","6.2","29.5","4.5","4.7","4736","5.3","6","840","32.2",1994,2014,1,0,0,0,1994,2014,8.28571428571429,21,9,1,0,0,0,0,0,0,0,1,0,0,0,0,0,0,"Nicaragua",3,2
"Niger","Sub-Saharan Africa","54.3","30","35","76.3","76.8","39.6","42.3","83","64.6","55","40","10.2","35","30","15.8","27.8","17.1","17.9","6.9","6.8","1048","5.1","-0.9","769","36.4",1994,2014,1,0,0,0,1994,2014,3.66666666666667,21,6,1,0,0.19047619047619,0.19047619047619,0,0.19047619047619,1,0,1,0,0,0,0,1,1,"Niger",3,2
"Nigeria","Sub-Saharan Africa","57.5","30","27","85.1","94.6","48.7","72.9","71.5","64.8","40","40","10.1","24","30","3.1","13.4","173.9","1049.1","6.3","6.2","6031","7.5","8.1","4693.8","10.5",1994,2014,1,0,0,0,1994,2014,1.80952380952381,21,4,1,0,2.42857142857143,2.42857142857143,0,0.857142857142857,36,1,0,0,0,0,0,1,1,"Nigeria",2,1
"Norway","Europe","70.8","90","86","53.2","41.8","89.6","48.5","76.2","87.8","75","60","1.1","47.8","27","40.8","44","5.2","345.2","2.2","1.5","66937","3.4","2","8682.5","30.1",1994,2014,0,0,1,2,1994,2014,10,21,10,1,0,0,0,0,0,1,0,0,0,0,1,0,0,0,"Norway",3,5
"Oman","Middle East / North Africa","67.1","55","45","98.5","36.8","70.1","72.5","77.9","85","70","60","2.5","0","12","2.6","45.9","4.1","162.4","2.9","4.5","39681","7.2","1","1179.9","5.1",1994,2014,1,0,0,0,1994,2014,-8.38095238095238,21,-8,1,0,0,0,0,0,0,0,1,0,0,0,0,0,0,"Oman",1,2
"Pakistan","Asia-Pacific","55.9","30","29","79","86.2","61.2","42.1","71.5","65","55","40","10","30","33","10.5","21.4","186.3","882.3","4.1","3.6","4736","5.2","8.6","1747","64.2",1994,2014,0.476190476190476,0.285714285714286,0.238095238095238,1,1994,2014,1.85714285714286,21,7,1,0.0476190476190476,3.47619047619048,3.52380952380952,0.0476190476190476,0.904761904761905,173,1,0,0,0,0,1,1,1,"Pakistan",3,1
"Panama","South and Central America / Caribbean","64.8","30","37","84.4","77.9","74.4","42.9","78.6","77.8","75","70","6.1","25","25","17.7","27.2","3.9","76.4","6.2","8.7","19455","4.3","2.6","4718.9","45.6",1994,2014,1,0,0,0,1994,2014,9,21,9,1,0,0,0,0,0,1,0,1,0,0,0,0,0,0,"Panama",3,2
"Papua New Guinea","Asia-Pacific","53.2","20","25","67.3","76.2","59.9","71.9","70.6","85.6","25","30","2.2","42","30","24.7","28.2","7.5","18.1","5.8","7.6","2399","2.5","5.3","-30.4","35.6",1994,2014,0,0,1,2,1994,2014,4.14285714285714,21,5,1,0,0.19047619047619,0.19047619047619,0,0.19047619047619,0,1,0,0,0,0,0,1,1,"Papua New Guinea",2,1
"Paraguay","South and Central America / Caribbean","61.5","30","24","96.3","83.3","62.6","30.4","76.8","76.2","75","60","4.4","10","10","13.1","23.6","6.9","58.3","4.4","7","8449","4.5","5","236.3","21.4",1994,2014,1,0,0,0,1994,2014,7.61904761904762,21,9,1,0,0,0,0,0,0,0,1,0,0,0,0,0,0,"Paraguay",3,2
"Peru","South and Central America / Caribbean","67.4","40","38","78.5","86.1","67.8","62.9","83.7","87","70","60","1.5","30","30","18.6","21.5","31.4","371.3","2.4","5.8","11817","4.2","3.2","7606.6","20.7",1994,2014,1,0,0,0,1994,2014,6.52380952380952,21,9,1,0.0476190476190476,0.571428571428571,0.619047619047619,0.0476190476190476,0.19047619047619,1,0,1,0,0,0,1,1,1,"Peru",3,2
"Philippines","Asia-Pacific","63.1","30","38","79","89.6","63","57.1","77.7","76.4","60","60","4.3","32","30","13.3","18.6","99.4","692.2","6.1","6.3","6962","7.1","4.2","6200.5","37.2",1994,2014,1,0,0,0,1994,2014,8,21,8,1,0,4,4,0,1,11,0,1,0,0,0,0,1,1,"Philippines",3,2
"Poland","Europe","69.3","65","61","75.5","46.5","68.7","58","85.2","88","75","70","1","32","19","32.7","42.2","38","954.5","3.3","3","25105","9.2","0","13882.8","48.8",1994,2014,1,0,0,0,1994,2014,9.57142857142857,21,10,1,0,0,0,0,0,0,0,0,1,0,0,0,0,0,"Poland",3,3
"Portugal","Europe","65.1","70","63","60.5","24.8","85.3","43.5","85.7","88","70","60","1","48","23","33.4","50.1","10.4","280.4","0.9","-0.9","26975","14.2","-0.2","8807.1","130.2",1994,2014,0,0,1,2,1994,2014,10,21,10,1,0,0,0,0,0,0,0,1,0,0,0,0,0,0,"Portugal",3,2
"Qatar","Middle East / North Africa","70.7","65","69","99.7","70.4","71.4","70.7","74.1","81.8","45","60","4.1","0","0","5.2","31.4","2.2","320.5","6.1","9.7","143427","0.3","3","1040.4","31.5",1994,2014,1,0,0,0,1994,2014,-10,21,-10,1,0,0,0,0,0,0,0,1,0,0,0,0,0,0,"Qatar",1,2
"Romania","Europe","65.6","35","43","87.5","65.6","66.1","65.1","81.1","88","75","50","1","16","16","27.2","33.8","19.9","392.8","2.9","1.4","19712","7","1.1","3234","40.4",1994,2014,0,0,1,2,1994,2014,8.23809523809524,21,9,1,0,0,0,0,0,0,0,0,1,0,0,0,0,0,"Romania",3,3
"Russia","Europe","50.6","20","27","82.2","56.2","72.2","57.6","62.9","72.4","25","30","6.3","13","20","34.8","38.2","143.7","3564.5","0.6","2.8","24805","5.1","7.8","20957.7","17.9",1994,2014,1,0,0,0,1994,2014,4.38095238095238,21,4,1,0.0476190476190476,2.42857142857143,2.47619047619048,0.0476190476190476,0.857142857142857,30,0,0,1,0,0,1,1,1,"Russia",2,3
"Rwanda","Sub-Saharan Africa","63.1","30","49","80.1","77.1","60.5","82","79.4","67.6","65","40","8.7","30","30","13.9","27.6","11.1","18.8","7","6.8","1698","0.6","1.8","267.7","28",1994,2014,NA,NA,NA,0,1994,2014,-4.14285714285714,21,-3,1,0.666666666666667,1.0952380952381,1.76190476190476,0.333333333333333,0.285714285714286,0,0,1,0,0,0,1,1,1,"Rwanda",2,2
"Saint. Lucia","South and Central America / Caribbean","70","70","71","76.9","70.6","77.6","76.2","80.3","72","65","40","9","30","30","22.6","31.3","0.2","2.0","-1.1","0","11594",NA,"2.5","75.2","83.9",1994,2014,0,0,1,2,NA,NA,NA,NA,NA,NA,NA,NA,NA,NA,NA,0,1,0,0,0,0,NA,NA,NA,"Saint Lucia",NA,1
"Saint. Vincent and the Grenadines","South and Central America / Caribbean","68.8","70","67","73.8","69.7","77.6","74.5","85.3","65.4","65","40","12.3","32.5","33","21.7","31.8","0.1","1.2","1.1","0.5","10778",NA,"0.2","138.6","75.1",NA,NA,NA,NA,NA,NA,NA,NA,NA,NA,NA,NA,NA,NA,NA,NA,NA,0,1,0,0,0,0,NA,NA,NA,"Saint Vincent and the Grenadines",NA,1
"Samoa","Asia-Pacific","63.5","60","52","78.9","57.5","77.1","71.8","82.5","70.6","55","30","9.7","27","27","25.6","37.6","0.2","1.0","1.9","1.2","5180",NA,"-1.2","22.9","54.98",1994,2014,0,0,1,2,NA,NA,NA,NA,NA,NA,NA,NA,NA,NA,NA,0,1,0,0,0,0,NA,NA,NA,"Samoa",NA,1
"S?o Tomé and Príncipe","Sub-Saharan Africa","56.7","25","42","87.4","70.1","65.9","46.1","67.6","73","60","30","8.5","20","25","15.2","31.6","0.2","0.6","4.5","4.4","3153",NA,"7","19.9","68.2",NA,NA,NA,NA,NA,NA,NA,NA,NA,NA,NA,NA,NA,NA,NA,NA,NA,0,NA,NA,NA,NA,NA,NA,NA,NA,"Sao Tome and Principe",NA,NA
"Saudi Arabia","Middle East / North Africa","62.1","40","49","99.7","56.8","69.9","68.5","69.2","77.8","40","50","3.6","2.5","2.5","4.3","38","30.8","1605.7","3.6","5.3","52183","5.6","2.7","8012","1.6",1994,2014,1,0,0,0,1994,2014,-10,21,-10,1,0,0.238095238095238,0.238095238095238,0,0.238095238095238,4,1,0,0,0,0,0,1,1,"Saudi Arabia",1,1
"Senegal","Sub-Saharan Africa","58.1","40","43","71.6","76.1","49.1","42.4","84.9","73.8","60","40","8.1","40","30","18.4","28.2","14.5","33.6","4.5","3.4","2311","10","-0.5","342.7","50.7",1994,2014,1,0,0,0,1994,2014,5.04761904761905,21,7,1,0,0.285714285714286,0.285714285714286,0,0.285714285714286,0,0,1,0,0,0,0,1,1,"Senegal",3,2
"Serbia","Europe","62.1","50","41","84.3","44.1","60.2","66.2","77.5","77.8","70","50","6.1","15","15","33.4","43.2","7.2","95.5","-1.8","0.3","13329","22.2","2.1","1996.1","72.4",NA,NA,NA,NA,NA,NA,2006,2014,8,9,8,NA,NA,NA,NA,NA,NA,0,NA,NA,NA,NA,NA,NA,NA,NA,"Serbia",3,NA
"Seychelles","Sub-Saharan Africa","62.2","50","55","79.3","62","66","62.1","79.7","83.4","55","30","3.3","15","33","27.5","35.6","0.1","2.4","2.9","5.9","25607",NA,"1.4","228.7","64.6",NA,NA,NA,NA,NA,NA,NA,NA,NA,NA,NA,NA,NA,NA,NA,NA,NA,0,0,1,0,0,0,NA,NA,NA,"Seychelles",NA,2
"Sierra Leone","Sub-Saharan Africa","52.3","10","31","81.2","92.6","49.9","43.2","70.8","69.4","55","20","10.3","30","30","8.8","15.7","6.2","12.6","6","10.5","2027","3.3","8.3","439.9","38.8",1994,2014,1,0,0,0,1994,2014,3.47619047619048,21,7,1,0,1.14285714285714,1.14285714285714,0,0.380952380952381,0,1,0,0,0,0,0,1,1,"Sierra Leone",3,1
"Singapore","Asia-Pacific","87.8","90","84","91.2","90.1","95","90.7","81.8","90","85","80","0","20","17","13.8","18.2","5.5","452.7","2.9","6.4","82762","3","1","67523","98.8",1994,2014,0,0,1,2,1994,2014,-2,21,-2,1,0,0,0,0,0,0,1,0,0,0,0,0,0,0,"Singapore",2,1
"Slovak Republic","Europe","66.6","50","50","80.1","49.5","68.4","55","79.5","88","75","70","1","25","22","29.6","41","5.4","152.6","2.4","2.6","28175","13.3","-0.1","478.7","54",1994,2014,0,0,1,2,1994,2014,9.04761904761905,21,10,1,0,0,0,0,0,0,0,0,1,0,0,0,0,0,"Slovakia",3,3
"Slovenia","Europe","60.6","60","58","58.6","0","82","55.4","84.3","88","70","50","1","50","17","36.8","59.9","2.1","61.1","2.6","0.2","29658","9.5","0.2","1564.3","82.9",1994,2014,0,0,1,2,1994,2014,10,21,10,1,0,0,0,0,0,0,0,0,1,0,0,0,0,0,"Slovenia",3,3
"Solomon Islands","Asia-Pacific","47","30","25","61.4","25.2","68.5","66.2","75.5","73","15","30","8.5","40","30","36.9","49.9","0.6","1.1","1.5","5.8","1895","3.9","5.1","23.7","13.4",1994,2014,0,0,1,2,1994,2014,6.8,20,8,1,0,0.285714285714286,0.285714285714286,0,0.285714285714286,0,1,0,0,0,0,0,1,1,"Solomon Islands",3,1
"South Africa","Sub-Saharan Africa","61.9","50","44","70.1","69.9","69.7","58.7","74.6","77","45","60","4","40","28","24.7","31.7","54","704.5","1.5","2.4","13046","25.1","6.1","5712.3","45.9",1994,2014,0,1,0,1,1994,2014,9,21,9,1,0,0.428571428571429,0.428571428571429,0,0.142857142857143,0,1,0,0,0,0,0,1,1,"South Africa",3,1
"Spain","Europe","68.5","70","60","58.3","41.1","76","51.7","84.7","88","85","70","1","47","30","32.6","44.3","46.5","1566.4","1.4","-0.5","33711","24.7","-0.2","22904.1","97.7",1994,2014,0,0,1,2,1994,2014,10,21,10,1,0,0,0,0,0,1,0,1,0,0,0,0,0,0,"Spain",3,2
"Sri Lanka","Asia-Pacific","59.9","40","38","85.1","90","70.3","56.5","71.5","72.4","35","40","6.3","24","28","11.6","18.3","21","217.4","7.4","7.5","10372","4.6","3.3","944.2","75.88",1994,2014,1,0,0,0,1994,2014,4.76190476190476,21,3,1,0,3.80952380952381,3.80952380952381,0,0.761904761904762,29,1,0,0,0,0,0,1,1,"Sri Lanka",2,1
"Sudan-North","Sub-Saharan Africa",NA,NA,"11","86.4","94.8","48.8","43.5","46.7","50.6","10",NA,"14.7","10","35","6.1","13.1","37.3","159.1","3.4","1.1","4267","14.8","36.9","1277.4","74.2",1994,2014,1,0,0,0,1994,2014,-5.18181818181818,22,-4,1,0,5.52941176470588,5.52941176470588,0,0.80952380952381,0,1,0,0,0,0,0,1,1,"Sudan",2,1
"Suriname","South and Central America / Caribbean","53.8","30","36","69.4","70.3","48.8","76.3","78.7","68.4","30","30","10.8","38","36","17.9","31.5","0.6","9.2","2.9","4.3","16623","5.6","3.4","4.2","34.1",1994,2014,0,0,1,2,1994,2014,5,21,5,1,0,0,0,0,0,0,0,1,0,0,0,0,0,0,"Suriname",2,2
"Swaziland","Sub-Saharan Africa","59.7","40","43","70.9","64.9","58.6","65.8","74.5","88.8","50","40","0.6","33","27.5","32.6","34.2","1.1","8.6","1.7","1.5","7797","22.3","5.8","12.7","16.2",1994,2014,1,0,0,0,1994,2014,-9,21,-9,1,0,0,0,0,0,0,1,0,0,0,0,0,0,0,"Swaziland",1,1
"Sweden","Europe","72","90","87","44.4","14.9","89.7","53.5","87.1","88","85","80","1","57","22","42.8","53.2","9.7","448.2","2.1","2.4","45986","8","-0.2","10036.2","41.5",1994,2014,0,0,1,2,1994,2014,10,21,10,1,0,0,0,0,0,0,0,0,0,0,1,0,0,0,"Sweden",3,5
"Switzerland","Europe","81","90","86","70.9","66.3","82.2","72.1","87.8","90","85","80","0","40","24","27.1","33.5","8.1","472.8","2","2","58087","4.5","0","21914.3","46.1",1994,2014,0,0,1,2,1994,2014,10,21,10,1,0,0,0,0,0,0,0,0,0,1,0,0,0,0,"Switzerland",3,4
"Syria","Middle East / North Africa",NA,"10","20",NA,NA,"62.4","46.9","42.7","56.6","0","20","14.2","22","28",NA,NA,"18.1","73.00","0.4",NA,"4020",NA,"29.2",NA,NA,1994,2014,1,0,0,0,1994,2014,-7.85714285714286,21,-9,1,0,1.14285714285714,1.14285714285714,0,0.19047619047619,32,0,1,0,0,0,0,1,1,"Syrian Arab Republic",1,2
"Taiwan","Asia-Pacific","74.7","70","61","76.1","88.7","93.2","53.8","83.2","86.4","75","60","1.8","45","17","8.7","19.4","23.4","1074.5","3.7","4.5","45854","4","1.2","2839","37.6",1994,2014,0.904761904761905,0.0952380952380952,0,0,1994,2014,9.28571428571429,21,10,1,0,0,0,0,0,0,0,0,0,1,0,0,0,0,"Taiwan",3,4
"Tajikistan","Asia-Pacific","51.3","20","23","91.6","76.9","61.1","47.3","69.8","68.6","25","30","5.7","13","15","21","27.7","8.3","22.3","6.7","7.1","2688","10.9","6.1","262.7","28.2",1994,2014,1,0,0,0,1994,2014,-3.04761904761905,21,-3,1,0,0.714285714285714,0.714285714285714,0,0.238095238095238,0,0,0,1,0,0,0,1,1,"Tajikistan",2,3
"Tanzania","Sub-Saharan Africa","58.5","25","31","79.2","88.4","47.5","62.6","67.7","73.2","60","50","8.4","30","30","16.8","19.7","47.7","127.1","7.2","6.8","2667","3.1","6.1","2141.6","33.2",1994,2014,1,0,0,0,1994,2014,-1.19047619047619,21,-1,1,0,0,0,0,0,0,1,0,0,0,0,0,0,0,"United Republic of Tanzania",2,1
"Thailand","Asia-Pacific","63.9","40","38","81.1","82.2","76.3","62.5","70.9","77.6","50","60","6.2","35","20","16.2","24.3","68.7","985.5","0.7","3.6","14354","0.9","1.9","12565.7","47.2",1994,2014,0,0,1,2,1994,2014,6.28571428571429,21,-3,1,0,0.571428571428571,0.571428571428571,0,0.571428571428571,0,1,0,0,0,0,0,1,1,"Thailand",2,1
"East Timor","Asia-Pacific","45.8","20","28","64.7","0","68","66","70.9","80","40","20","2.5","10","10","318.1","110.5","1.2","6.1","6.6","8.8","4928","4.7","2.5","33.9","0",1994,2014,NA,NA,NA,0,2002,2014,6.69230769230769,13,7,NA,NA,NA,NA,NA,NA,0,NA,NA,NA,NA,NA,NA,NA,NA,"Timor-Leste",3,NA
"Togo","Sub-Saharan Africa","53.6","30","29","68.7","80.4","51.4","46.2","79.5","71.2","50","30","9.4","45","27","19.5","25.5","7","10.1","5.2","5.1","1450","6.9","0.1","292.1","54.7",1994,2014,0,1,0,1,1994,2014,-2.47619047619048,21,-2,1,0,0,0,0,0,0,0,1,0,0,0,0,0,0,"Togo",2,2
"Tonga","Asia-Pacific","59.6","25","28.6","86.9","76.3","76.4","86.1","77.4","79.6","40","20","5.2","20","25","17","28.1","0.1","0.5","2.3","1.1","4883",NA,"1.3","56","42.9",NA,NA,NA,NA,NA,NA,NA,NA,NA,NA,NA,NA,NA,NA,NA,NA,NA,0,1,0,0,0,0,NA,NA,NA,"Tonga",NA,1
"Trinidad and Tobago","South and Central America / Caribbean","62.9","50","38","79.4","62.3","69.5","72.8","68.5","78.6","60","50","5.7","25","25","28.4","35.5","1.4","43.4","1.1","0.8","32139","4","7","2423","37.6",1994,2014,0,0,1,2,1994,2014,9.85714285714286,21,10,1,0,0,0,0,0,0,1,0,0,0,0,0,0,0,"Trinidad and Tobago",3,1
"Tunisia","Middle East / North Africa","57.6","40","40","74","73.4","81.3","64","75.6","62.2","35","30","13.9","35","30","21.7","29.8","11","124.3","2.3","1.8","11300","13.3","4.9","1060.3","47.5",1994,2014,1,0,0,0,1994,2014,-1.80952380952381,21,7,1,0,0,0,0,0,1,0,1,0,0,0,0,0,0,"Tunisia",3,2
"Turkey","Europe","62.1","40","45","75.2","55.6","65.4","48.6","71.5","84.4","75","60","2.8","35","20","29.3","38.5","76.9","1508.1","2.9","5.4","19610","9.2","8.9","12146","33.5",1994,2014,0,0,1,2,1994,2014,7.52380952380952,21,9,1,0,1.38095238095238,1.38095238095238,0,0.80952380952381,6,0,1,0,0,0,0,1,1,"Turkey",3,2
"Turkmenistan","Asia-Pacific","41.9","5","17","95.3","92.2","30","20","69.4","80","0","10","0","10","8","17.4","16.1","5.8","82.1","10.3","11.1","14165","10.5","6","3163.5","16.8",1994,2014,1,0,0,0,1994,2014,-8.90476190476191,21,-8,1,0,0,0,0,0,0,0,0,1,0,0,0,0,0,"Turkmenistan",1,3
"Uganda","Sub-Saharan Africa","59.3","25","26","73.2","91.5","40.3","83.7","80.1","72.8","60","40","8.6","40","30","13.4","16.8","38","76.9","4.9","5.2","2023","3.8","4.7","1146.6","30.4",1994,2014,1,0,0,0,1994,2014,-2.57142857142857,21,-1,1,0.333333333333333,1.23809523809524,1.57142857142857,0.333333333333333,0.619047619047619,2,1,0,0,0,0,1,1,1,"Uganda",2,1
"Ukraine","Europe","46.8","25","26","78.6","30.6","56.8","47.9","66.9","85.8","20","30","2.1","20","18","37.6","48.1","42.8","370.8","-6.8","-0.2","8668","7.7","12.1","410","71.2",1994,2014,1,0,0,0,1994,2014,6.38095238095238,21,4,1,0,0.0952380952380952,0.0952380952380952,0,0.0476190476190476,0,0,0,1,0,0,0,1,1,"Ukraine",2,3
"UAE","Middle East / North Africa","72.6","55","70","95","76.1","79.6","80.7","81.3","82.8","45","60","3.6","0","0","22.4","28.2","9.3","599.8","3.6","4","64479","3.6","2.3","10065.8","12.1",1994,2014,1,0,0,0,1994,2014,-8,21,-8,1,0,0,0,0,0,0,1,0,0,0,0,0,0,0,"United Arab Emirates",1,1
"United Kingdom","Europe","76.4","90","78","64.9","39","86","71.8","76.4","88","90","80","1","45","20","32.9","45.1","64.5","2548.9","2.6","1.7","39511","6.3","1.5","72241","89.5",1994,2014,0,0,1,2,1994,2014,10,21,10,1,0,0.0952380952380952,0.0952380952380952,0,0.0476190476190476,2,1,0,0,0,0,0,1,1,"United Kingdom",3,1
"United States","North America","75.4","80","74","65.6","54.7","84.7","91.4","77","87","70","70","1.5","39.6","35","25.4","38.9","319","17418.9","2.4","2.2","54597","6.2","1.6","92397","104.8",1994,2014,1,0,0,0,1994,2014,10,21,10,1,1.33333333333333,0,1.33333333333333,0.619047619047619,0,2,1,0,0,0,0,1,0,1,"United States",3,1
"Uruguay","South and Central America / Caribbean","68.8","70","73","77.2","67.6","75.3","62.5","71.3","80.6","80","30","4.7","30","25","27.4","32.9","3.4","70.0","3.3","5.4","20556","7","8.9","2754.5","62.8",1994,2014,1,0,0,0,1994,2014,10,21,10,1,0,0,0,0,0,0,0,1,0,0,0,0,0,0,"Uruguay",3,2
"Uzbekistan","Asia-Pacific","46","15","18","90.4","66.6","67.1","61.9","65.6","65.6","0","10","7.2","22","9","19.9","33.4","30.6","171.7","8.1","8.2","5609","10.6","8.4","751.4","8.5",1994,2014,1,0,0,0,1994,2014,-9,21,-9,1,0,0,0,0,0,1,0,0,1,0,0,0,0,0,"Uzbekistan",1,3
"Vanuatu","Asia-Pacific","60.8","40","33.5","97","86.1","51.8","47.7","78.3","74","60","40","5.5","0","0","17.2","21.5","0.3","0.7","2.9","1.9","2608",NA,"1","-22.3","18.5",1994,2014,0,0,1,2,NA,NA,NA,NA,NA,NA,NA,NA,NA,NA,NA,0,1,0,0,0,0,NA,NA,NA,"Vanuatu",NA,1
"Venezuela","South and Central America / Caribbean","33.7","5","19","74.9","56.7","45.3","29.5","33.8","63.2","0","10","8.4","34","34","13.9","38","30.5","538.9","-4","1.1","17695","8.6","62.2","320","45.6",1994,2014,1,0,0,0,1994,2014,4.52380952380952,21,4,1,0,0,0,0,0,0,0,1,0,0,0,0,0,0,"Venezuela",2,2
"Vietnam","Asia-Pacific","54","15","31","79.3","75.1","58.3","62.6","70.6","83","25","40","3.5","35","22","18.9","28.8","90.6","510.7","6","5.9","5635","2.3","4.1","9200","58.7",1994,2014,0,1,0,1,1994,2014,-7,21,-7,1,0,0,0,0,0,0,0,0,1,0,0,0,0,0,"Viet Nam",1,3
"Yemen","Middle East / North Africa",NA,"30","19",NA,NA,"51.9","54.4","71",NA,NA,"30",NA,"20","20",NA,"30.8","27.5","103.6","-0.2","0.4","3774","17.4","8.2","-577.6","48.9",1994,2014,0.714285714285714,0.285714285714286,0,0,1994,2014,-1.42857142857143,21,0,1,0,1.28571428571429,1.28571428571429,0,0.571428571428571,11,0,1,0,0,0,0,1,1,"Yemen",2,2
"Zambia","Sub-Saharan Africa","58.8","30","38","73.3","81.1","66.4","48.3","72.6","78.2","50","50","3.4","35","35","14.7","25.1","15","61.0","5.4","7.1","4064","13.3","7.9","2483.8","31.1",1994,2014,1,0,0,0,1994,2014,4.80952380952381,21,7,1,0,0,0,0,0,0,1,0,0,0,0,0,0,0,"Zambia",3,1
"Zimbabwe","Sub-Saharan Africa","38.2","10","21","60.8","73.6","37.6","30","79.1","50.2","10","10","14.9","51.5","25","25.3","29.7","13.3","27.1","3.2","8.3","2046","5.4","-0.2","544.8","54",1994,2014,1,0,0,0,1994,2014,-2.66666666666667,21,4,1,0,0,0,0,0,0,1,0,0,0,0,0,0,0,"Zimbabwe",2,1
"Somalia","Sub-Saharan Africa",NA,NA,"8",NA,NA,NA,NA,NA,NA,NA,NA,NA,NA,NA,NA,NA,"10.5",NA,"3.7",NA,"600",NA,NA,NA,NA,1994,2014,NA,NA,NA,0,1994,2014,0.75,20,5,1,0,5,5,0,1,18,1,0,0,0,0,0,1,1,"Somalia",2,1
"Kosovo","Europe","61.4","30","33","93.6","76.8","69.3","66.3","78.9","70.8","65","30","7.1","10","10","21","27.8","1.87","16.9","2.7","3.3","9037","30","0.4",NA,"19.1",NA,NA,NA,NA,NA,NA,2008,2014,8,7,8,NA,NA,NA,NA,NA,NA,0,NA,NA,NA,NA,NA,NA,NA,NA,"Kosovo",3,NA
"Brunei","Asia-Pacific","67.3","30","60","87","57.3","71.3","90.2","76.8","85.2","65","50","2.4","0","20","30","37.7","0.4","30.2","-0.7","0.9","73233","3.8","-0.2","567.9","2.6",1994,2014,1,0,0,0,NA,NA,NA,NA,NA,NA,NA,NA,NA,NA,NA,0,NA,NA,NA,NA,NA,NA,NA,NA,"Brunei",NA,NA
"GDR",NA,NA,NA,NA,NA,NA,NA,NA,NA,NA,NA,NA,NA,NA,NA,NA,NA,NA,NA,NA,NA,NA,NA,NA,NA,NA,1994,2014,NA,NA,NA,NA,NA,NA,NA,NA,NA,NA,NA,NA,NA,NA,NA,0,NA,NA,NA,NA,NA,NA,NA,NA,"GDR",NA,NA
"Grenada",NA,NA,NA,NA,NA,NA,NA,NA,NA,NA,NA,NA,NA,NA,NA,NA,NA,NA,NA,NA,NA,NA,NA,NA,NA,NA,1994,2014,0,0,1,2,NA,NA,NA,NA,NA,NA,NA,NA,NA,NA,NA,0,1,0,0,0,0,NA,NA,NA,"Grenada",NA,1
"South Sudan",NA,NA,NA,NA,NA,NA,NA,NA,NA,NA,NA,NA,NA,NA,NA,NA,NA,NA,NA,NA,NA,NA,NA,NA,NA,NA,2011,2014,1,0,0,0,2011,2014,0,4,0,NA,NA,NA,NA,NA,NA,0,NA,NA,NA,NA,NA,NA,NA,NA,"South Sudan",2,NA
"Turk Cyprus",NA,NA,NA,NA,NA,NA,NA,NA,NA,NA,NA,NA,NA,NA,NA,NA,NA,NA,NA,NA,NA,NA,NA,NA,NA,NA,1994,2014,1,0,0,0,NA,NA,NA,NA,NA,NA,NA,NA,NA,NA,NA,0,NA,NA,NA,NA,NA,NA,NA,NA,"Turk Cyprus",NA,NA
"Yemen (PDR)",NA,NA,NA,NA,NA,NA,NA,NA,NA,NA,NA,NA,NA,NA,NA,NA,NA,NA,NA,NA,NA,NA,NA,NA,NA,NA,1994,2014,NA,NA,NA,NA,NA,NA,NA,NA,NA,NA,NA,NA,NA,NA,NA,0,NA,NA,NA,NA,NA,NA,NA,NA,"Yemen (PDR)",NA,NA
"Yugoslavia",NA,NA,NA,NA,NA,NA,NA,NA,NA,NA,NA,NA,NA,NA,NA,NA,NA,NA,NA,NA,NA,NA,NA,NA,NA,NA,1994,2014,NA,NA,NA,NA,1994,2002,-2,9,NA,1,0.333333333333333,0.777777777777778,1.11111111111111,0.0476190476190476,0.0952380952380952,0,NA,NA,NA,NA,NA,1,1,1,"Yugoslavia",NA,NA
"Serbia and Montenegro",NA,NA,NA,NA,NA,NA,NA,NA,NA,NA,NA,NA,NA,NA,NA,NA,NA,NA,NA,NA,NA,NA,NA,NA,NA,NA,NA,NA,NA,NA,NA,NA,2003,2006,6,4,NA,NA,NA,NA,NA,NA,NA,0,NA,NA,NA,NA,NA,NA,NA,NA,"Serbia and Montenegro",NA,NA
"Aruba",NA,NA,NA,NA,NA,NA,NA,NA,NA,NA,NA,NA,NA,NA,NA,NA,NA,NA,NA,NA,NA,NA,NA,NA,NA,NA,NA,NA,NA,NA,NA,NA,NA,NA,NA,NA,NA,NA,NA,NA,NA,NA,NA,0,0,1,0,0,0,NA,NA,NA,"Aruba",NA,2
"Andorra",NA,NA,NA,NA,NA,NA,NA,NA,NA,NA,NA,NA,NA,NA,NA,NA,NA,NA,NA,NA,NA,NA,NA,NA,NA,NA,NA,NA,NA,NA,NA,NA,NA,NA,NA,NA,NA,NA,NA,NA,NA,NA,NA,0,0,1,0,0,0,NA,NA,NA,"Andorra",NA,2
"Netherlands Antil",NA,NA,NA,NA,NA,NA,NA,NA,NA,NA,NA,NA,NA,NA,NA,NA,NA,NA,NA,NA,NA,NA,NA,NA,NA,NA,NA,NA,NA,NA,NA,NA,NA,NA,NA,NA,NA,NA,NA,NA,NA,NA,NA,0,0,1,0,0,0,NA,NA,NA,"Netherlands Antil",NA,2
"American Samoa",NA,NA,NA,NA,NA,NA,NA,NA,NA,NA,NA,NA,NA,NA,NA,NA,NA,NA,NA,NA,NA,NA,NA,NA,NA,NA,NA,NA,NA,NA,NA,NA,NA,NA,NA,NA,NA,NA,NA,NA,NA,NA,NA,0,1,0,0,0,0,NA,NA,NA,"American Samoa",NA,1
"Antigua And Barbu",NA,NA,NA,NA,NA,NA,NA,NA,NA,NA,NA,NA,NA,NA,NA,NA,NA,NA,NA,NA,NA,NA,NA,NA,NA,NA,NA,NA,NA,NA,NA,NA,NA,NA,NA,NA,NA,NA,NA,NA,NA,NA,NA,0,1,0,0,0,0,NA,NA,NA,"Antigua And Barbu",NA,1
"Bermuda",NA,NA,NA,NA,NA,NA,NA,NA,NA,NA,NA,NA,NA,NA,NA,NA,NA,NA,NA,NA,NA,NA,NA,NA,NA,NA,NA,NA,NA,NA,NA,NA,NA,NA,NA,NA,NA,NA,NA,NA,NA,NA,NA,0,1,0,0,0,0,NA,NA,NA,"Bermuda",NA,1
"Brunei Darussalam",NA,NA,NA,NA,NA,NA,NA,NA,NA,NA,NA,NA,NA,NA,NA,NA,NA,NA,NA,NA,NA,NA,NA,NA,NA,NA,NA,NA,NA,NA,NA,NA,NA,NA,NA,NA,NA,NA,NA,NA,NA,NA,NA,0,1,0,0,0,0,NA,NA,NA,"Brunei Darussalam",NA,1
"Channel Island",NA,NA,NA,NA,NA,NA,NA,NA,NA,NA,NA,NA,NA,NA,NA,NA,NA,NA,NA,NA,NA,NA,NA,NA,NA,NA,NA,NA,NA,NA,NA,NA,NA,NA,NA,NA,NA,NA,NA,NA,NA,NA,NA,0,NA,NA,NA,NA,NA,NA,NA,NA,"Channel Island",NA,NA
"Cayman Islands",NA,NA,NA,NA,NA,NA,NA,NA,NA,NA,NA,NA,NA,NA,NA,NA,NA,NA,NA,NA,NA,NA,NA,NA,NA,NA,NA,NA,NA,NA,NA,NA,NA,NA,NA,NA,NA,NA,NA,NA,NA,NA,NA,0,1,0,0,0,0,NA,NA,NA,"Cayman Islands",NA,1
"Faeroe Islands",NA,NA,NA,NA,NA,NA,NA,NA,NA,NA,NA,NA,NA,NA,NA,NA,NA,NA,NA,NA,NA,NA,NA,NA,NA,NA,NA,NA,NA,NA,NA,NA,NA,NA,NA,NA,NA,NA,NA,NA,NA,NA,NA,0,0,1,0,0,0,NA,NA,NA,"Faeroe Islands",NA,2
"Guadeloupe",NA,NA,NA,NA,NA,NA,NA,NA,NA,NA,NA,NA,NA,NA,NA,NA,NA,NA,NA,NA,NA,NA,NA,NA,NA,NA,NA,NA,NA,NA,NA,NA,NA,NA,NA,NA,NA,NA,NA,NA,NA,NA,NA,0,0,1,0,0,0,NA,NA,NA,"Guadeloupe",NA,2
"Greenland",NA,NA,NA,NA,NA,NA,NA,NA,NA,NA,NA,NA,NA,NA,NA,NA,NA,NA,NA,NA,NA,NA,NA,NA,NA,NA,NA,NA,NA,NA,NA,NA,NA,NA,NA,NA,NA,NA,NA,NA,NA,NA,NA,0,0,1,0,0,0,NA,NA,NA,"Greenland",NA,2
"French Guiana",NA,NA,NA,NA,NA,NA,NA,NA,NA,NA,NA,NA,NA,NA,NA,NA,NA,NA,NA,NA,NA,NA,NA,NA,NA,NA,NA,NA,NA,NA,NA,NA,NA,NA,NA,NA,NA,NA,NA,NA,NA,NA,NA,0,NA,NA,NA,NA,NA,NA,NA,NA,"French Guiana",NA,NA
"Guam",NA,NA,NA,NA,NA,NA,NA,NA,NA,NA,NA,NA,NA,NA,NA,NA,NA,NA,NA,NA,NA,NA,NA,NA,NA,NA,NA,NA,NA,NA,NA,NA,NA,NA,NA,NA,NA,NA,NA,NA,NA,NA,NA,0,1,0,0,0,0,NA,NA,NA,"Guam",NA,1
"Isle Of Man",NA,NA,NA,NA,NA,NA,NA,NA,NA,NA,NA,NA,NA,NA,NA,NA,NA,NA,NA,NA,NA,NA,NA,NA,NA,NA,NA,NA,NA,NA,NA,NA,NA,NA,NA,NA,NA,NA,NA,NA,NA,NA,NA,0,1,0,0,0,0,NA,NA,NA,"Isle Of Man",NA,1
"St. Kitts And Nev",NA,NA,NA,NA,NA,NA,NA,NA,NA,NA,NA,NA,NA,NA,NA,NA,NA,NA,NA,NA,NA,NA,NA,NA,NA,NA,NA,NA,NA,NA,NA,NA,NA,NA,NA,NA,NA,NA,NA,NA,NA,NA,NA,0,1,0,0,0,0,NA,NA,NA,"St. Kitts And Nev",NA,1
"Monaco",NA,NA,NA,NA,NA,NA,NA,NA,NA,NA,NA,NA,NA,NA,NA,NA,NA,NA,NA,NA,NA,NA,NA,NA,NA,NA,NA,NA,NA,NA,NA,NA,NA,NA,NA,NA,NA,NA,NA,NA,NA,NA,NA,0,0,1,0,0,0,NA,NA,NA,"Monaco",NA,2
"Marshall Islan",NA,NA,NA,NA,NA,NA,NA,NA,NA,NA,NA,NA,NA,NA,NA,NA,NA,NA,NA,NA,NA,NA,NA,NA,NA,NA,NA,NA,NA,NA,NA,NA,NA,NA,NA,NA,NA,NA,NA,NA,NA,NA,NA,0,1,0,0,0,0,NA,NA,NA,"Marshall Islan",NA,1
"Northern Maria",NA,NA,NA,NA,NA,NA,NA,NA,NA,NA,NA,NA,NA,NA,NA,NA,NA,NA,NA,NA,NA,NA,NA,NA,NA,NA,NA,NA,NA,NA,NA,NA,NA,NA,NA,NA,NA,NA,NA,NA,NA,NA,NA,0,NA,NA,NA,NA,NA,NA,NA,NA,"Northern Maria",NA,NA
"Martinique",NA,NA,NA,NA,NA,NA,NA,NA,NA,NA,NA,NA,NA,NA,NA,NA,NA,NA,NA,NA,NA,NA,NA,NA,NA,NA,NA,NA,NA,NA,NA,NA,NA,NA,NA,NA,NA,NA,NA,NA,NA,NA,NA,0,0,1,0,0,0,NA,NA,NA,"Martinique",NA,2
"Mayotte",NA,NA,NA,NA,NA,NA,NA,NA,NA,NA,NA,NA,NA,NA,NA,NA,NA,NA,NA,NA,NA,NA,NA,NA,NA,NA,NA,NA,NA,NA,NA,NA,NA,NA,NA,NA,NA,NA,NA,NA,NA,NA,NA,0,0,1,0,0,0,NA,NA,NA,"Mayotte",NA,2
"New Caledonia",NA,NA,NA,NA,NA,NA,NA,NA,NA,NA,NA,NA,NA,NA,NA,NA,NA,NA,NA,NA,NA,NA,NA,NA,NA,NA,NA,NA,NA,NA,NA,NA,NA,NA,NA,NA,NA,NA,NA,NA,NA,NA,NA,0,0,1,0,0,0,NA,NA,NA,"New Caledonia",NA,2
"Puerto Rico",NA,NA,NA,NA,NA,NA,NA,NA,NA,NA,NA,NA,NA,NA,NA,NA,NA,NA,NA,NA,NA,NA,NA,NA,NA,NA,NA,NA,NA,NA,NA,NA,NA,NA,NA,NA,NA,NA,NA,NA,NA,NA,NA,0,0,1,0,0,0,NA,NA,NA,"Puerto Rico",NA,2
"French Polynes",NA,NA,NA,NA,NA,NA,NA,NA,NA,NA,NA,NA,NA,NA,NA,NA,NA,NA,NA,NA,NA,NA,NA,NA,NA,NA,NA,NA,NA,NA,NA,NA,NA,NA,NA,NA,NA,NA,NA,NA,NA,NA,NA,0,NA,NA,NA,NA,NA,NA,NA,NA,"French Polynes",NA,NA
"Reunion",NA,NA,NA,NA,NA,NA,NA,NA,NA,NA,NA,NA,NA,NA,NA,NA,NA,NA,NA,NA,NA,NA,NA,NA,NA,NA,NA,NA,NA,NA,NA,NA,NA,NA,NA,NA,NA,NA,NA,NA,NA,NA,NA,0,0,1,0,0,0,NA,NA,NA,"Reunion",NA,2
"Sao Tom? and Pr?ncipe",NA,NA,NA,NA,NA,NA,NA,NA,NA,NA,NA,NA,NA,NA,NA,NA,NA,NA,NA,NA,NA,NA,NA,NA,NA,NA,NA,NA,NA,NA,NA,NA,NA,NA,NA,NA,NA,NA,NA,NA,NA,NA,NA,0,0,1,0,0,0,NA,NA,NA,"Sao Tom? and Pr?ncipe",NA,2
"Virgin Islands",NA,NA,NA,NA,NA,NA,NA,NA,NA,NA,NA,NA,NA,NA,NA,NA,NA,NA,NA,NA,NA,NA,NA,NA,NA,NA,NA,NA,NA,NA,NA,NA,NA,NA,NA,NA,NA,NA,NA,NA,NA,NA,NA,0,1,0,0,0,0,NA,NA,NA,"Virgin Islands",NA,1
"West Bank And",NA,NA,NA,NA,NA,NA,NA,NA,NA,NA,NA,NA,NA,NA,NA,NA,NA,NA,NA,NA,NA,NA,NA,NA,NA,NA,NA,NA,NA,NA,NA,NA,NA,NA,NA,NA,NA,NA,NA,NA,NA,NA,NA,0,NA,NA,NA,NA,NA,NA,NA,NA,"West Bank And",NA,NA
"Yugoslavia, Fr",NA,NA,NA,NA,NA,NA,NA,NA,NA,NA,NA,NA,NA,NA,NA,NA,NA,NA,NA,NA,NA,NA,NA,NA,NA,NA,NA,NA,NA,NA,NA,NA,NA,NA,NA,NA,NA,NA,NA,NA,NA,NA,NA,0,0,0,1,0,0,NA,NA,NA,"Yugoslavia, Fr",NA,3
"Zaire",NA,NA,NA,NA,NA,NA,NA,NA,NA,NA,NA,NA,NA,NA,NA,NA,NA,NA,NA,NA,NA,NA,NA,NA,NA,NA,NA,NA,NA,NA,NA,NA,NA,NA,NA,NA,NA,NA,NA,NA,NA,NA,NA,0,0,1,0,0,0,NA,NA,NA,"Zaire",NA,2
"Czechoslovakia",NA,NA,NA,NA,NA,NA,NA,NA,NA,NA,NA,NA,NA,NA,NA,NA,NA,NA,NA,NA,NA,NA,NA,NA,NA,NA,NA,NA,NA,NA,NA,NA,NA,NA,NA,NA,NA,NA,NA,NA,NA,NA,NA,0,NA,NA,NA,NA,NA,NA,NA,NA,"Czechoslovakia",NA,NA
"Yugoslavia(Before",NA,NA,NA,NA,NA,NA,NA,NA,NA,NA,NA,NA,NA,NA,NA,NA,NA,NA,NA,NA,NA,NA,NA,NA,NA,NA,NA,NA,NA,NA,NA,NA,NA,NA,NA,NA,NA,NA,NA,NA,NA,NA,NA,0,NA,NA,NA,NA,NA,NA,NA,NA,"Yugoslavia(Before",NA,NA
"Soviet Union",NA,NA,NA,NA,NA,NA,NA,NA,NA,NA,NA,NA,NA,NA,NA,NA,NA,NA,NA,NA,NA,NA,NA,NA,NA,NA,NA,NA,NA,NA,NA,NA,NA,NA,NA,NA,NA,NA,NA,NA,NA,NA,NA,0,NA,NA,NA,NA,NA,NA,NA,NA,"Soviet Union",NA,NA
"Bavaria",NA,NA,NA,NA,NA,NA,NA,NA,NA,NA,NA,NA,NA,NA,NA,NA,NA,NA,NA,NA,NA,NA,NA,NA,NA,NA,NA,NA,NA,NA,NA,NA,NA,NA,NA,NA,NA,NA,NA,NA,NA,NA,NA,0,NA,NA,NA,NA,NA,NA,NA,NA,"Bavaria",NA,NA
"South Yemen",NA,NA,NA,NA,NA,NA,NA,NA,NA,NA,NA,NA,NA,NA,NA,NA,NA,NA,NA,NA,NA,NA,NA,NA,NA,NA,NA,NA,NA,NA,NA,NA,NA,NA,NA,NA,NA,NA,NA,NA,NA,NA,NA,0,NA,NA,NA,NA,NA,NA,NA,NA,"South Yemen",NA,NA
"Gernamy, Dem. Rep",NA,NA,NA,NA,NA,NA,NA,NA,NA,NA,NA,NA,NA,NA,NA,NA,NA,NA,NA,NA,NA,NA,NA,NA,NA,NA,NA,NA,NA,NA,NA,NA,NA,NA,NA,NA,NA,NA,NA,NA,NA,NA,NA,0,NA,NA,NA,NA,NA,NA,NA,NA,"Gernamy, Dem. Rep",NA,NA
"Germany, West",NA,NA,NA,NA,NA,NA,NA,NA,NA,NA,NA,NA,NA,NA,NA,NA,NA,NA,NA,NA,NA,NA,NA,NA,NA,NA,NA,NA,NA,NA,NA,NA,NA,NA,NA,NA,NA,NA,NA,NA,NA,NA,NA,0,NA,NA,NA,NA,NA,NA,NA,NA,"Germany, West",NA,NA
"Montserrat",NA,NA,NA,NA,NA,NA,NA,NA,NA,NA,NA,NA,NA,NA,NA,NA,NA,NA,NA,NA,NA,NA,NA,NA,NA,NA,NA,NA,NA,NA,NA,NA,NA,NA,NA,NA,NA,NA,NA,NA,NA,NA,NA,0,NA,NA,NA,NA,NA,NA,NA,NA,"Montserrat",NA,NA
"North Yemen",NA,NA,NA,NA,NA,NA,NA,NA,NA,NA,NA,NA,NA,NA,NA,NA,NA,NA,NA,NA,NA,NA,NA,NA,NA,NA,NA,NA,NA,NA,NA,NA,NA,NA,NA,NA,NA,NA,NA,NA,NA,NA,NA,0,NA,NA,NA,NA,NA,NA,NA,NA,"North Yemen",NA,NA
"Dahomey",NA,NA,NA,NA,NA,NA,NA,NA,NA,NA,NA,NA,NA,NA,NA,NA,NA,NA,NA,NA,NA,NA,NA,NA,NA,NA,NA,NA,NA,NA,NA,NA,NA,NA,NA,NA,NA,NA,NA,NA,NA,NA,NA,0,NA,NA,NA,NA,NA,NA,NA,NA,"Dahomey",NA,NA
"Rhodesia",NA,NA,NA,NA,NA,NA,NA,NA,NA,NA,NA,NA,NA,NA,NA,NA,NA,NA,NA,NA,NA,NA,NA,NA,NA,NA,NA,NA,NA,NA,NA,NA,NA,NA,NA,NA,NA,NA,NA,NA,NA,NA,NA,0,NA,NA,NA,NA,NA,NA,NA,NA,"Rhodesia",NA,NA
"Abyssinia",NA,NA,NA,NA,NA,NA,NA,NA,NA,NA,NA,NA,NA,NA,NA,NA,NA,NA,NA,NA,NA,NA,NA,NA,NA,NA,NA,NA,NA,NA,NA,NA,NA,NA,NA,NA,NA,NA,NA,NA,NA,NA,NA,0,NA,NA,NA,NA,NA,NA,NA,NA,"Abyssinia",NA,NA
"Aust Emripe",NA,NA,NA,NA,NA,NA,NA,NA,NA,NA,NA,NA,NA,NA,NA,NA,NA,NA,NA,NA,NA,NA,NA,NA,NA,NA,NA,NA,NA,NA,NA,NA,NA,NA,NA,NA,NA,NA,NA,NA,NA,NA,NA,0,NA,NA,NA,NA,NA,NA,NA,NA,"Aust Emripe",NA,NA
"Aust-Hung",NA,NA,NA,NA,NA,NA,NA,NA,NA,NA,NA,NA,NA,NA,NA,NA,NA,NA,NA,NA,NA,NA,NA,NA,NA,NA,NA,NA,NA,NA,NA,NA,NA,NA,NA,NA,NA,NA,NA,NA,NA,NA,NA,0,NA,NA,NA,NA,NA,NA,NA,NA,"Aust-Hung",NA,NA
"Baden",NA,NA,NA,NA,NA,NA,NA,NA,NA,NA,NA,NA,NA,NA,NA,NA,NA,NA,NA,NA,NA,NA,NA,NA,NA,NA,NA,NA,NA,NA,NA,NA,NA,NA,NA,NA,NA,NA,NA,NA,NA,NA,NA,0,NA,NA,NA,NA,NA,NA,NA,NA,"Baden",NA,NA
"Ciskei",NA,NA,NA,NA,NA,NA,NA,NA,NA,NA,NA,NA,NA,NA,NA,NA,NA,NA,NA,NA,NA,NA,NA,NA,NA,NA,NA,NA,NA,NA,NA,NA,NA,NA,NA,NA,NA,NA,NA,NA,NA,NA,NA,0,NA,NA,NA,NA,NA,NA,NA,NA,"Ciskei",NA,NA
"Congo (Bra)",NA,NA,NA,NA,NA,NA,NA,NA,NA,NA,NA,NA,NA,NA,NA,NA,NA,NA,NA,NA,NA,NA,NA,NA,NA,NA,NA,NA,NA,NA,NA,NA,NA,NA,NA,NA,NA,NA,NA,NA,NA,NA,NA,0,NA,NA,NA,NA,NA,NA,NA,NA,"Congo (Bra)",NA,NA
"Congo (Kin)",NA,NA,NA,NA,NA,NA,NA,NA,NA,NA,NA,NA,NA,NA,NA,NA,NA,NA,NA,NA,NA,NA,NA,NA,NA,NA,NA,NA,NA,NA,NA,NA,NA,NA,NA,NA,NA,NA,NA,NA,NA,NA,NA,0,NA,NA,NA,NA,NA,NA,NA,NA,"Congo (Kin)",NA,NA
"Malagasy R",NA,NA,NA,NA,NA,NA,NA,NA,NA,NA,NA,NA,NA,NA,NA,NA,NA,NA,NA,NA,NA,NA,NA,NA,NA,NA,NA,NA,NA,NA,NA,NA,NA,NA,NA,NA,NA,NA,NA,NA,NA,NA,NA,0,NA,NA,NA,NA,NA,NA,NA,NA,"Malagasy R",NA,NA
"Fed Malaya",NA,NA,NA,NA,NA,NA,NA,NA,NA,NA,NA,NA,NA,NA,NA,NA,NA,NA,NA,NA,NA,NA,NA,NA,NA,NA,NA,NA,NA,NA,NA,NA,NA,NA,NA,NA,NA,NA,NA,NA,NA,NA,NA,0,NA,NA,NA,NA,NA,NA,NA,NA,"Fed Malaya",NA,NA
"Hanover",NA,NA,NA,NA,NA,NA,NA,NA,NA,NA,NA,NA,NA,NA,NA,NA,NA,NA,NA,NA,NA,NA,NA,NA,NA,NA,NA,NA,NA,NA,NA,NA,NA,NA,NA,NA,NA,NA,NA,NA,NA,NA,NA,0,NA,NA,NA,NA,NA,NA,NA,NA,"Hanover",NA,NA
"Hesse, El",NA,NA,NA,NA,NA,NA,NA,NA,NA,NA,NA,NA,NA,NA,NA,NA,NA,NA,NA,NA,NA,NA,NA,NA,NA,NA,NA,NA,NA,NA,NA,NA,NA,NA,NA,NA,NA,NA,NA,NA,NA,NA,NA,0,NA,NA,NA,NA,NA,NA,NA,NA,"Hesse, El",NA,NA
"Hesse, Gd",NA,NA,NA,NA,NA,NA,NA,NA,NA,NA,NA,NA,NA,NA,NA,NA,NA,NA,NA,NA,NA,NA,NA,NA,NA,NA,NA,NA,NA,NA,NA,NA,NA,NA,NA,NA,NA,NA,NA,NA,NA,NA,NA,0,NA,NA,NA,NA,NA,NA,NA,NA,"Hesse, Gd",NA,NA
"Khmer Rep",NA,NA,NA,NA,NA,NA,NA,NA,NA,NA,NA,NA,NA,NA,NA,NA,NA,NA,NA,NA,NA,NA,NA,NA,NA,NA,NA,NA,NA,NA,NA,NA,NA,NA,NA,NA,NA,NA,NA,NA,NA,NA,NA,0,NA,NA,NA,NA,NA,NA,NA,NA,"Khmer Rep",NA,NA
"Korea(Before Spli",NA,NA,NA,NA,NA,NA,NA,NA,NA,NA,NA,NA,NA,NA,NA,NA,NA,NA,NA,NA,NA,NA,NA,NA,NA,NA,NA,NA,NA,NA,NA,NA,NA,NA,NA,NA,NA,NA,NA,NA,NA,NA,NA,0,NA,NA,NA,NA,NA,NA,NA,NA,"Korea(Before Spli",NA,NA
"Mecklenburg",NA,NA,NA,NA,NA,NA,NA,NA,NA,NA,NA,NA,NA,NA,NA,NA,NA,NA,NA,NA,NA,NA,NA,NA,NA,NA,NA,NA,NA,NA,NA,NA,NA,NA,NA,NA,NA,NA,NA,NA,NA,NA,NA,0,NA,NA,NA,NA,NA,NA,NA,NA,"Mecklenburg",NA,NA
"Modena",NA,NA,NA,NA,NA,NA,NA,NA,NA,NA,NA,NA,NA,NA,NA,NA,NA,NA,NA,NA,NA,NA,NA,NA,NA,NA,NA,NA,NA,NA,NA,NA,NA,NA,NA,NA,NA,NA,NA,NA,NA,NA,NA,0,NA,NA,NA,NA,NA,NA,NA,NA,"Modena",NA,NA
"Nauru",NA,NA,NA,NA,NA,NA,NA,NA,NA,NA,NA,NA,NA,NA,NA,NA,NA,NA,NA,NA,NA,NA,NA,NA,NA,NA,NA,NA,NA,NA,NA,NA,NA,NA,NA,NA,NA,NA,NA,NA,NA,NA,NA,0,1,0,0,0,0,NA,NA,NA,"Nauru",NA,1
"Orroman Empire",NA,NA,NA,NA,NA,NA,NA,NA,NA,NA,NA,NA,NA,NA,NA,NA,NA,NA,NA,NA,NA,NA,NA,NA,NA,NA,NA,NA,NA,NA,NA,NA,NA,NA,NA,NA,NA,NA,NA,NA,NA,NA,NA,0,NA,NA,NA,NA,NA,NA,NA,NA,"Orroman Empire",NA,NA
"Venda",NA,NA,NA,NA,NA,NA,NA,NA,NA,NA,NA,NA,NA,NA,NA,NA,NA,NA,NA,NA,NA,NA,NA,NA,NA,NA,NA,NA,NA,NA,NA,NA,NA,NA,NA,NA,NA,NA,NA,NA,NA,NA,NA,0,NA,NA,NA,NA,NA,NA,NA,NA,"Venda",NA,NA
"Parma",NA,NA,NA,NA,NA,NA,NA,NA,NA,NA,NA,NA,NA,NA,NA,NA,NA,NA,NA,NA,NA,NA,NA,NA,NA,NA,NA,NA,NA,NA,NA,NA,NA,NA,NA,NA,NA,NA,NA,NA,NA,NA,NA,0,NA,NA,NA,NA,NA,NA,NA,NA,"Parma",NA,NA
"Persia",NA,NA,NA,NA,NA,NA,NA,NA,NA,NA,NA,NA,NA,NA,NA,NA,NA,NA,NA,NA,NA,NA,NA,NA,NA,NA,NA,NA,NA,NA,NA,NA,NA,NA,NA,NA,NA,NA,NA,NA,NA,NA,NA,0,NA,NA,NA,NA,NA,NA,NA,NA,"Persia",NA,NA
"Prussia",NA,NA,NA,NA,NA,NA,NA,NA,NA,NA,NA,NA,NA,NA,NA,NA,NA,NA,NA,NA,NA,NA,NA,NA,NA,NA,NA,NA,NA,NA,NA,NA,NA,NA,NA,NA,NA,NA,NA,NA,NA,NA,NA,0,NA,NA,NA,NA,NA,NA,NA,NA,"Prussia",NA,NA
"San Marino",NA,NA,NA,NA,NA,NA,NA,NA,NA,NA,NA,NA,NA,NA,NA,NA,NA,NA,NA,NA,NA,NA,NA,NA,NA,NA,NA,NA,NA,NA,NA,NA,NA,NA,NA,NA,NA,NA,NA,NA,NA,NA,NA,0,0,1,0,0,0,NA,NA,NA,"San Marino",NA,2
"Santo Domingo",NA,NA,NA,NA,NA,NA,NA,NA,NA,NA,NA,NA,NA,NA,NA,NA,NA,NA,NA,NA,NA,NA,NA,NA,NA,NA,NA,NA,NA,NA,NA,NA,NA,NA,NA,NA,NA,NA,NA,NA,NA,NA,NA,0,NA,NA,NA,NA,NA,NA,NA,NA,"Santo Domingo",NA,NA
"Sardinia",NA,NA,NA,NA,NA,NA,NA,NA,NA,NA,NA,NA,NA,NA,NA,NA,NA,NA,NA,NA,NA,NA,NA,NA,NA,NA,NA,NA,NA,NA,NA,NA,NA,NA,NA,NA,NA,NA,NA,NA,NA,NA,NA,0,NA,NA,NA,NA,NA,NA,NA,NA,"Sardinia",NA,NA
"Saxony",NA,NA,NA,NA,NA,NA,NA,NA,NA,NA,NA,NA,NA,NA,NA,NA,NA,NA,NA,NA,NA,NA,NA,NA,NA,NA,NA,NA,NA,NA,NA,NA,NA,NA,NA,NA,NA,NA,NA,NA,NA,NA,NA,0,NA,NA,NA,NA,NA,NA,NA,NA,"Saxony",NA,NA
"Siam",NA,NA,NA,NA,NA,NA,NA,NA,NA,NA,NA,NA,NA,NA,NA,NA,NA,NA,NA,NA,NA,NA,NA,NA,NA,NA,NA,NA,NA,NA,NA,NA,NA,NA,NA,NA,NA,NA,NA,NA,NA,NA,NA,0,NA,NA,NA,NA,NA,NA,NA,NA,"Siam",NA,NA
"Wurttemberg",NA,NA,NA,NA,NA,NA,NA,NA,NA,NA,NA,NA,NA,NA,NA,NA,NA,NA,NA,NA,NA,NA,NA,NA,NA,NA,NA,NA,NA,NA,NA,NA,NA,NA,NA,NA,NA,NA,NA,NA,NA,NA,NA,0,NA,NA,NA,NA,NA,NA,NA,NA,"Wurttemberg",NA,NA
"Tuscany",NA,NA,NA,NA,NA,NA,NA,NA,NA,NA,NA,NA,NA,NA,NA,NA,NA,NA,NA,NA,NA,NA,NA,NA,NA,NA,NA,NA,NA,NA,NA,NA,NA,NA,NA,NA,NA,NA,NA,NA,NA,NA,NA,0,NA,NA,NA,NA,NA,NA,NA,NA,"Tuscany",NA,NA
"Tuvalu",NA,NA,NA,NA,NA,NA,NA,NA,NA,NA,NA,NA,NA,NA,NA,NA,NA,NA,NA,NA,NA,NA,NA,NA,NA,NA,NA,NA,NA,NA,NA,NA,NA,NA,NA,NA,NA,NA,NA,NA,NA,NA,NA,0,NA,NA,NA,NA,NA,NA,NA,NA,"Tuvalu",NA,NA
"Two Sicilies",NA,NA,NA,NA,NA,NA,NA,NA,NA,NA,NA,NA,NA,NA,NA,NA,NA,NA,NA,NA,NA,NA,NA,NA,NA,NA,NA,NA,NA,NA,NA,NA,NA,NA,NA,NA,NA,NA,NA,NA,NA,NA,NA,0,NA,NA,NA,NA,NA,NA,NA,NA,"Two Sicilies",NA,NA
"Uar",NA,NA,NA,NA,NA,NA,NA,NA,NA,NA,NA,NA,NA,NA,NA,NA,NA,NA,NA,NA,NA,NA,NA,NA,NA,NA,NA,NA,NA,NA,NA,NA,NA,NA,NA,NA,NA,NA,NA,NA,NA,NA,NA,0,NA,NA,NA,NA,NA,NA,NA,NA,"Uar",NA,NA
"Zanzibar",NA,NA,NA,NA,NA,NA,NA,NA,NA,NA,NA,NA,NA,NA,NA,NA,NA,NA,NA,NA,NA,NA,NA,NA,NA,NA,NA,NA,NA,NA,NA,NA,NA,NA,NA,NA,NA,NA,NA,NA,NA,NA,NA,0,NA,NA,NA,NA,NA,NA,NA,NA,"Zanzibar",NA,NA
"Tanganyika",NA,NA,NA,NA,NA,NA,NA,NA,NA,NA,NA,NA,NA,NA,NA,NA,NA,NA,NA,NA,NA,NA,NA,NA,NA,NA,NA,NA,NA,NA,NA,NA,NA,NA,NA,NA,NA,NA,NA,NA,NA,NA,NA,0,NA,NA,NA,NA,NA,NA,NA,NA,"Tanganyika",NA,NA
"Russia(Before Uss",NA,NA,NA,NA,NA,NA,NA,NA,NA,NA,NA,NA,NA,NA,NA,NA,NA,NA,NA,NA,NA,NA,NA,NA,NA,NA,NA,NA,NA,NA,NA,NA,NA,NA,NA,NA,NA,NA,NA,NA,NA,NA,NA,0,NA,NA,NA,NA,NA,NA,NA,NA,"Russia(Before Uss",NA,NA
"South Vietnam (Up",NA,NA,NA,NA,NA,NA,NA,NA,NA,NA,NA,NA,NA,NA,NA,NA,NA,NA,NA,NA,NA,NA,NA,NA,NA,NA,NA,NA,NA,NA,NA,NA,NA,NA,NA,NA,NA,NA,NA,NA,NA,NA,NA,0,NA,NA,NA,NA,NA,NA,NA,NA,"South Vietnam (Up",NA,NA
"North Vietnam (Up",NA,NA,NA,NA,NA,NA,NA,NA,NA,NA,NA,NA,NA,NA,NA,NA,NA,NA,NA,NA,NA,NA,NA,NA,NA,NA,NA,NA,NA,NA,NA,NA,NA,NA,NA,NA,NA,NA,NA,NA,NA,NA,NA,0,NA,NA,NA,NA,NA,NA,NA,NA,"North Vietnam (Up",NA,NA
"Transkei",NA,NA,NA,NA,NA,NA,NA,NA,NA,NA,NA,NA,NA,NA,NA,NA,NA,NA,NA,NA,NA,NA,NA,NA,NA,NA,NA,NA,NA,NA,NA,NA,NA,NA,NA,NA,NA,NA,NA,NA,NA,NA,NA,0,NA,NA,NA,NA,NA,NA,NA,NA,"Transkei",NA,NA
"Cook Islands",NA,NA,NA,NA,NA,NA,NA,NA,NA,NA,NA,NA,NA,NA,NA,NA,NA,NA,NA,NA,NA,NA,NA,NA,NA,NA,NA,NA,NA,NA,NA,NA,NA,NA,NA,NA,NA,NA,NA,NA,NA,NA,NA,0,1,0,0,0,0,NA,NA,NA,"Cook Islands",NA,1
"Tokelau",NA,NA,NA,NA,NA,NA,NA,NA,NA,NA,NA,NA,NA,NA,NA,NA,NA,NA,NA,NA,NA,NA,NA,NA,NA,NA,NA,NA,NA,NA,NA,NA,NA,NA,NA,NA,NA,NA,NA,NA,NA,NA,NA,0,1,0,0,0,0,NA,NA,NA,"Tokelau",NA,1
"Tuwalu",NA,NA,NA,NA,NA,NA,NA,NA,NA,NA,NA,NA,NA,NA,NA,NA,NA,NA,NA,NA,NA,NA,NA,NA,NA,NA,NA,NA,NA,NA,NA,NA,NA,NA,NA,NA,NA,NA,NA,NA,NA,NA,NA,0,1,0,0,0,0,NA,NA,NA,"Tuwalu",NA,1
"Niue",NA,NA,NA,NA,NA,NA,NA,NA,NA,NA,NA,NA,NA,NA,NA,NA,NA,NA,NA,NA,NA,NA,NA,NA,NA,NA,NA,NA,NA,NA,NA,NA,NA,NA,NA,NA,NA,NA,NA,NA,NA,NA,NA,0,1,0,0,0,0,NA,NA,NA,"Niue",NA,1
"Gran Colombia",NA,NA,NA,NA,NA,NA,NA,NA,NA,NA,NA,NA,NA,NA,NA,NA,NA,NA,NA,NA,NA,NA,NA,NA,NA,NA,NA,NA,NA,NA,NA,NA,NA,NA,NA,NA,NA,NA,NA,NA,NA,NA,NA,0,NA,NA,NA,NA,NA,NA,NA,NA,"Gran Colombia",NA,NA
"Orange Free S",NA,NA,NA,NA,NA,NA,NA,NA,NA,NA,NA,NA,NA,NA,NA,NA,NA,NA,NA,NA,NA,NA,NA,NA,NA,NA,NA,NA,NA,NA,NA,NA,NA,NA,NA,NA,NA,NA,NA,NA,NA,NA,NA,0,NA,NA,NA,NA,NA,NA,NA,NA,"Orange Free S",NA,NA
"Papal States",NA,NA,NA,NA,NA,NA,NA,NA,NA,NA,NA,NA,NA,NA,NA,NA,NA,NA,NA,NA,NA,NA,NA,NA,NA,NA,NA,NA,NA,NA,NA,NA,NA,NA,NA,NA,NA,NA,NA,NA,NA,NA,NA,0,NA,NA,NA,NA,NA,NA,NA,NA,"Papal States",NA,NA
"United Province",NA,NA,NA,NA,NA,NA,NA,NA,NA,NA,NA,NA,NA,NA,NA,NA,NA,NA,NA,NA,NA,NA,NA,NA,NA,NA,NA,NA,NA,NA,NA,NA,NA,NA,NA,NA,NA,NA,NA,NA,NA,NA,NA,0,NA,NA,NA,NA,NA,NA,NA,NA,"United Province",NA,NA
